date,forecast,forecast_lower,forecast_upper,actual,segment
2025-12-02,12988,11008,14894,12383,test
2025-12-03,12547,10820,14382,11968,test
2025-12-04,12362,10569,14201,12206,test
2025-12-05,11452,9571,13290,11257,test
2025-12-06,8477,6627,10269,8382,test
2025-12-07,8124,6080,9773,7777,test
2025-12-08,15112,13171,17018,15716,test
2025-12-09,13020,11245,14988,13849,test
2025-12-10,12580,10684,14511,13716,test
2025-12-11,12395,10626,14120,14175,test
2025-12-12,11485,9578,13336,13207,test
2025-12-13,8509,6473,10336,10243,test
2025-12-14,8156,6209,10051,9616,test
2025-12-15,15145,13287,17196,18485,test
2025-12-16,13053,11151,14921,16246,test
2025-12-17,12612,10815,14512,15277,test
2025-12-18,12427,10645,14432,15482,test
2025-12-19,11517,9666,13388,14389,test
2025-12-20,8542,6731,10440,10239,test
2025-12-21,8189,6263,10091,9302,test
2025-12-22,15177,13177,17097,24390,test
2025-12-23,13085,11079,14983,21270,test
2025-12-24,12645,10790,14643,13119,test
2025-12-25,12460,10618,14361,6832,test
2025-12-26,11550,9495,13530,18321,test
2025-12-27,8574,6554,10509,19429,test
2025-12-28,8221,6283,10261,8475,test
2025-12-29,15210,13394,17126,15695,test
2025-12-30,13118,11150,15119,13764,test
2025-12-31,12677,10807,14626,13188,test
2026-01-01,12868,10798,14821,,future
2026-01-02,11582,9587,13452,,future
2026-01-03,8607,6524,10551,,future
2026-01-04,8254,6212,10162,,future
2026-01-05,15242,13141,17163,,future
2026-01-06,13150,11099,15155,,future
2026-01-07,12710,10594,14906,,future
2026-01-08,12525,10572,14512,,future
2026-01-09,11615,9284,13796,,future
2026-01-10,8639,6515,10689,,future
2026-01-11,8286,6008,10266,,future
2026-01-12,15275,13197,17517,,future
2026-01-13,13183,10955,15256,,future
2026-01-14,12742,10571,14761,,future
2026-01-15,12557,10319,14555,,future
2026-01-16,11647,9549,13704,,future
2026-01-17,8672,6571,10930,,future
2026-01-18,8319,6252,10582,,future
2026-01-19,14619,12395,16849,,future
2026-01-20,13215,11129,15348,,future
2026-01-21,12775,10516,14790,,future
2026-01-22,12590,10337,14732,,future
2026-01-23,11680,9488,13991,,future
2026-01-24,8704,6291,10852,,future
2026-01-25,8351,6063,10646,,future
2026-01-26,15340,13173,17594,,future
2026-01-27,13248,10890,15646,,future
2026-01-28,12807,10478,15233,,future
2026-01-29,12622,10249,14889,,future
2026-01-30,11712,9403,14100,,future
