date,interval_index,interval_start,volume,aht_seconds,offered_load_erlangs,required_agents,scheduled_agents,predicted_sl,predicted_asa_seconds,predicted_occupancy
2026-01-01,0,00:00,4.2,268.6,0.62,2,3,0.8662,28.9,0.3118
2026-01-01,1,00:30,4.0,279.7,0.62,2,3,0.8688,29.3,0.3077
2026-01-01,2,01:00,4.1,277.3,0.63,2,3,0.864,30.3,0.314
2026-01-01,3,01:30,4.1,271.8,0.62,2,3,0.8677,28.8,0.3096
2026-01-01,4,02:00,4.3,274.1,0.65,2,3,0.8546,32.6,0.3261
2026-01-01,5,02:30,4.3,275.2,0.66,2,3,0.8527,33.3,0.3285
2026-01-01,6,03:00,4.2,270.8,0.62,2,3,0.8658,29.3,0.3122
2026-01-01,7,03:30,4.3,270.5,0.65,2,3,0.8557,32.0,0.325
2026-01-01,8,04:00,4.9,271.3,0.73,2,3,0.8209,42.1,0.3665
2026-01-01,9,04:30,6.0,275.8,0.92,3,5,0.9368,9.7,0.3059
2026-01-01,10,05:00,8.7,275.9,1.34,3,5,0.8383,30.3,0.4462
2026-01-01,11,05:30,14.9,268.9,2.22,5,8,0.9295,8.4,0.4441
2026-01-01,12,06:00,26.4,278.1,4.08,7,10,0.8817,13.9,0.5822
2026-01-01,13,06:30,45.6,273.1,6.92,10,15,0.8329,18.6,0.6918
2026-01-01,14,07:00,79.4,274.6,12.11,16,23,0.837,15.3,0.7566
2026-01-01,15,07:30,127.5,273.2,19.35,24,35,0.8357,13.6,0.8061
2026-01-01,16,08:00,194.7,273.2,29.54,35,50,0.835,12.3,0.844
2026-01-01,17,08:30,273.9,273.9,41.68,48,69,0.8407,11.0,0.8683
2026-01-01,18,09:00,357.8,274.3,54.51,61,88,0.8167,12.4,0.8936
2026-01-01,19,09:30,440.4,274.1,67.07,75,108,0.8581,8.7,0.8943
2026-01-01,20,10:00,505.2,274.3,77.0,86,123,0.8813,7.0,0.8953
2026-01-01,21,10:30,544.2,273.7,82.74,92,132,0.8824,6.8,0.8994
2026-01-01,22,11:00,559.9,273.1,84.93,95,136,0.9027,5.5,0.894
2026-01-01,23,11:30,552.7,273.9,84.11,94,135,0.8987,5.8,0.8948
2026-01-01,24,12:00,533.2,274.2,81.22,91,130,0.8989,5.8,0.8925
2026-01-01,25,12:30,515.0,273.4,78.22,87,125,0.8729,7.5,0.8991
2026-01-01,26,13:00,501.6,273.9,76.33,85,122,0.8715,7.6,0.898
2026-01-01,27,13:30,504.5,273.9,76.77,86,123,0.8888,6.5,0.8927
2026-01-01,28,14:00,524.8,274.5,80.04,89,128,0.876,7.3,0.8994
2026-01-01,29,14:30,558.4,273.4,84.83,95,136,0.9053,5.4,0.8929
2026-01-01,30,15:00,600.6,273.7,91.34,102,146,0.9104,5.0,0.8955
2026-01-01,31,15:30,639.7,274.7,97.63,109,156,0.92,4.4,0.8957
2026-01-01,32,16:00,668.3,274.2,101.81,114,163,0.9321,3.7,0.8931
2026-01-01,33,16:30,675.0,273.9,102.7,115,165,0.9335,3.6,0.893
2026-01-01,34,17:00,651.2,274.5,99.32,111,159,0.9247,4.1,0.8948
2026-01-01,35,17:30,601.4,273.6,91.42,102,146,0.9085,5.1,0.8963
2026-01-01,36,18:00,527.5,274.0,80.31,90,129,0.8975,5.9,0.8923
2026-01-01,37,18:30,441.0,274.7,67.3,75,108,0.8486,9.5,0.8973
2026-01-01,38,19:00,350.8,273.9,53.39,60,86,0.8256,11.7,0.8899
2026-01-01,39,19:30,264.4,274.5,40.32,46,66,0.8086,14.0,0.8765
2026-01-01,40,20:00,191.0,273.1,28.99,34,49,0.8081,15.1,0.8526
2026-01-01,41,20:30,130.3,273.9,19.83,25,36,0.8666,10.3,0.7931
2026-01-01,42,21:00,85.5,272.6,12.95,17,25,0.8417,14.3,0.7618
2026-01-01,43,21:30,54.2,275.5,8.29,12,18,0.869,12.7,0.6912
2026-01-01,44,22:00,32.9,275.0,5.03,8,12,0.8615,15.9,0.6289
2026-01-01,45,22:30,20.5,272.8,3.11,6,9,0.9078,10.8,0.5182
2026-01-01,46,23:00,12.6,270.9,1.89,4,6,0.8733,19.0,0.4725
2026-01-01,47,23:30,8.2,275.2,1.25,3,5,0.8623,24.6,0.4176
2026-01-02,0,00:00,3.8,268.6,0.56,2,3,0.8895,23.0,0.2807
2026-01-02,1,00:30,3.6,279.7,0.55,2,3,0.8916,23.2,0.277
2026-01-02,2,01:00,3.7,277.3,0.57,2,3,0.8877,24.1,0.2826
2026-01-02,3,01:30,3.7,271.8,0.56,2,3,0.8907,22.9,0.2787
2026-01-02,4,02:00,3.9,274.1,0.59,2,3,0.8798,25.8,0.2935
2026-01-02,5,02:30,3.9,275.2,0.59,2,3,0.8782,26.4,0.2957
2026-01-02,6,03:00,3.7,270.8,0.56,2,3,0.8891,23.2,0.281
2026-01-02,7,03:30,3.9,270.5,0.59,2,3,0.8807,25.3,0.2926
2026-01-02,8,04:00,4.4,271.3,0.66,2,3,0.8517,33.1,0.3299
2026-01-02,9,04:30,5.4,275.8,0.83,3,5,0.9518,7.2,0.2753
2026-01-02,10,05:00,7.9,275.9,1.2,3,5,0.8749,21.9,0.4016
2026-01-02,11,05:30,13.4,268.9,2.0,4,6,0.8505,23.3,0.4996
2026-01-02,12,06:00,23.7,278.1,3.67,6,9,0.8222,25.1,0.6114
2026-01-02,13,06:30,41.0,273.1,6.23,9,13,0.8106,22.8,0.6918
2026-01-02,14,07:00,71.4,274.6,10.9,15,22,0.8673,12.0,0.7264
2026-01-02,15,07:30,114.7,273.2,17.41,22,32,0.8444,13.0,0.7915
2026-01-02,16,08:00,175.2,273.2,26.59,32,46,0.8452,11.6,0.8309
2026-01-02,17,08:30,246.5,273.9,37.51,43,62,0.8057,14.5,0.8724
2026-01-02,18,09:00,322.0,274.3,49.06,56,80,0.8513,9.7,0.8761
2026-01-02,19,09:30,396.4,274.1,60.37,68,98,0.8578,8.9,0.8878
2026-01-02,20,10:00,454.7,274.3,69.3,78,112,0.882,7.0,0.8885
2026-01-02,21,10:30,489.8,273.7,74.47,83,119,0.8692,7.8,0.8973
2026-01-02,22,11:00,503.9,273.1,76.44,85,122,0.8678,7.9,0.8993
2026-01-02,23,11:30,497.4,273.9,75.7,85,122,0.892,6.3,0.8906
2026-01-02,24,12:00,479.9,274.2,73.1,82,118,0.8832,6.9,0.8915
2026-01-02,25,12:30,463.5,273.4,70.4,79,113,0.8774,7.3,0.8912
2026-01-02,26,13:00,451.5,273.9,68.7,77,110,0.8694,7.9,0.8922
2026-01-02,27,13:30,454.1,273.9,69.1,77,110,0.854,9.0,0.8974
2026-01-02,28,14:00,472.4,274.5,72.04,81,116,0.8864,6.7,0.8894
2026-01-02,29,14:30,502.6,273.4,76.35,85,122,0.871,7.7,0.8982
2026-01-02,30,15:00,540.6,273.7,82.22,92,132,0.898,5.8,0.8936
2026-01-02,31,15:30,575.7,274.7,87.87,98,140,0.9007,5.6,0.8967
2026-01-02,32,16:00,601.6,274.2,91.64,102,146,0.903,5.5,0.8984
2026-01-02,33,16:30,607.5,273.9,92.43,103,148,0.9072,5.2,0.8974
2026-01-02,34,17:00,586.1,274.5,89.4,100,143,0.9107,5.0,0.894
2026-01-02,35,17:30,541.3,273.6,82.29,92,132,0.896,6.0,0.8944
2026-01-02,36,18:00,474.8,274.0,72.28,81,116,0.8786,7.2,0.8924
2026-01-02,37,18:30,396.9,274.7,60.57,68,98,0.8489,9.6,0.8908
2026-01-02,38,19:00,315.8,273.9,48.06,54,78,0.8022,14.1,0.8899
2026-01-02,39,19:30,238.0,274.5,36.29,42,61,0.8239,12.8,0.864
2026-01-02,40,20:00,172.0,273.1,26.09,31,45,0.8148,14.8,0.8416
2026-01-02,41,20:30,117.3,273.9,17.85,22,32,0.8072,17.2,0.8111
2026-01-02,42,21:00,77.0,272.6,11.66,16,23,0.8768,10.6,0.7285
2026-01-02,43,21:30,48.8,275.5,7.47,11,16,0.8673,13.4,0.6786
2026-01-02,44,22:00,29.6,275.0,4.53,7,10,0.814,24.8,0.6469
2026-01-02,45,22:30,18.5,272.8,2.8,5,8,0.839,23.5,0.5597
2026-01-02,46,23:00,11.3,270.9,1.7,4,6,0.9081,12.8,0.4253
2026-01-02,47,23:30,7.4,275.2,1.13,3,5,0.8938,17.9,0.3759
2026-01-03,0,00:00,2.8,268.6,0.42,2,3,0.936,12.2,0.2086
2026-01-03,1,00:30,2.6,279.7,0.41,2,3,0.9373,12.4,0.2058
2026-01-03,2,01:00,2.7,277.3,0.42,2,3,0.9349,12.8,0.21
2026-01-03,3,01:30,2.7,271.8,0.41,2,3,0.9368,12.2,0.2071
2026-01-03,4,02:00,2.9,274.1,0.44,2,3,0.9303,13.7,0.2181
2026-01-03,5,02:30,2.9,275.2,0.44,2,3,0.9293,14.0,0.2197
2026-01-03,6,03:00,2.8,270.8,0.42,2,3,0.9358,12.4,0.2088
2026-01-03,7,03:30,2.9,270.5,0.43,2,3,0.9308,13.4,0.2174
2026-01-03,8,04:00,3.3,271.3,0.49,2,3,0.9136,17.3,0.2451
2026-01-03,9,04:30,4.0,275.8,0.61,2,3,0.8696,28.7,0.3069
2026-01-03,10,05:00,5.8,275.9,0.9,3,5,0.9407,9.1,0.2984
2026-01-03,11,05:30,9.9,268.9,1.49,4,6,0.94,7.7,0.3713
2026-01-03,12,06:00,17.6,278.1,2.73,5,8,0.8525,21.3,0.5452
2026-01-03,13,06:30,30.5,273.1,4.63,8,12,0.9077,9.6,0.5784
2026-01-03,14,07:00,53.1,274.6,8.1,12,18,0.8872,10.5,0.6748
2026-01-03,15,07:30,85.3,273.2,12.94,17,25,0.8424,14.3,0.7612
2026-01-03,16,08:00,130.2,273.2,19.76,24,35,0.8007,17.5,0.8233
2026-01-03,17,08:30,183.2,273.9,27.88,33,48,0.8206,13.9,0.8448
2026-01-03,18,09:00,239.3,274.3,36.46,42,61,0.8127,13.9,0.8681
2026-01-03,19,09:30,294.6,274.1,44.86,51,73,0.8218,12.5,0.8797
2026-01-03,20,10:00,337.9,274.3,51.5,58,83,0.8241,11.9,0.888
2026-01-03,21,10:30,364.0,273.7,55.34,62,89,0.8238,11.8,0.8926
2026-01-03,22,11:00,374.5,273.1,56.81,64,92,0.8465,9.9,0.8876
2026-01-03,23,11:30,369.7,273.9,56.26,63,90,0.826,11.6,0.893
2026-01-03,24,12:00,356.7,274.2,54.33,61,88,0.8268,11.6,0.8906
2026-01-03,25,12:30,344.4,273.4,52.32,59,85,0.8319,11.2,0.8868
2026-01-03,26,13:00,335.5,273.9,51.06,58,83,0.8472,10.0,0.8803
2026-01-03,27,13:30,337.5,273.9,51.35,58,83,0.8325,11.2,0.8853
2026-01-03,28,14:00,351.0,274.5,53.54,60,86,0.8174,12.4,0.8923
2026-01-03,29,14:30,373.5,273.4,56.74,64,92,0.8495,9.6,0.8865
2026-01-03,30,15:00,401.7,273.7,61.1,68,98,0.8242,11.5,0.8985
2026-01-03,31,15:30,427.9,274.7,65.3,73,105,0.8517,9.3,0.8945
2026-01-03,32,16:00,447.0,274.2,68.1,76,109,0.8554,8.9,0.896
2026-01-03,33,16:30,451.5,273.9,68.69,77,110,0.8699,7.9,0.8921
2026-01-03,34,17:00,435.6,274.5,66.43,74,106,0.8444,9.8,0.8978
2026-01-03,35,17:30,402.3,273.6,61.15,68,98,0.8215,11.8,0.8993
2026-01-03,36,18:00,352.8,274.0,53.72,60,86,0.8075,13.3,0.8953
2026-01-03,37,18:30,295.0,274.7,45.01,51,73,0.8127,13.3,0.8826
2026-01-03,38,19:00,234.7,273.9,35.71,42,61,0.8575,9.8,0.8503
2026-01-03,39,19:30,176.8,274.5,26.97,32,46,0.8187,14.3,0.8427
2026-01-03,40,20:00,127.8,273.1,19.39,24,35,0.8324,13.9,0.8079
2026-01-03,41,20:30,87.1,273.9,13.26,17,25,0.8108,18.2,0.7801
2026-01-03,42,21:00,57.2,272.6,8.66,12,18,0.8299,17.7,0.7218
2026-01-03,43,21:30,36.2,275.5,5.55,9,13,0.8947,10.8,0.6164
2026-01-03,44,22:00,22.0,275.0,3.37,6,9,0.8732,16.0,0.5609
2026-01-03,45,22:30,13.7,272.8,2.08,4,6,0.8314,27.6,0.52
2026-01-03,46,23:00,8.4,270.9,1.26,3,5,0.8596,24.9,0.4214
2026-01-03,47,23:30,5.5,275.2,0.84,3,5,0.95,7.5,0.2793
2026-01-04,0,00:00,2.7,268.6,0.4,2,3,0.9408,11.2,0.2
2026-01-04,1,00:30,2.5,279.7,0.39,2,3,0.942,11.3,0.1974
2026-01-04,2,01:00,2.6,277.3,0.4,2,3,0.9398,11.7,0.2014
2026-01-04,3,01:30,2.6,271.8,0.4,2,3,0.9415,11.2,0.1986
2026-01-04,4,02:00,2.7,274.1,0.42,2,3,0.9355,12.5,0.2092
2026-01-04,5,02:30,2.8,275.2,0.42,2,3,0.9346,12.8,0.2107
2026-01-04,6,03:00,2.7,270.8,0.4,2,3,0.9406,11.3,0.2003
2026-01-04,7,03:30,2.8,270.5,0.42,2,3,0.936,12.3,0.2085
2026-01-04,8,04:00,3.1,271.3,0.47,2,3,0.9201,15.9,0.2351
2026-01-04,9,04:30,3.8,275.8,0.59,2,3,0.8792,26.2,0.2943
2026-01-04,10,05:00,5.6,275.9,0.86,3,5,0.9467,8.0,0.2862
2026-01-04,11,05:30,9.5,268.9,1.42,3,5,0.8128,35.9,0.4747
2026-01-04,12,06:00,16.9,278.1,2.61,5,8,0.8725,17.6,0.5229
2026-01-04,13,06:30,29.2,273.1,4.44,7,10,0.8296,21.9,0.6339
2026-01-04,14,07:00,50.9,274.6,7.77,11,16,0.8336,17.9,0.706
2026-01-04,15,07:30,81.8,273.2,12.41,16,23,0.8058,19.2,0.7756
2026-01-04,16,08:00,124.9,273.2,18.95,24,35,0.8648,10.6,0.7895
2026-01-04,17,08:30,175.7,273.9,26.74,32,46,0.8353,12.6,0.8355
2026-01-04,18,09:00,229.5,274.3,34.97,41,59,0.8468,10.8,0.8528
2026-01-04,19,09:30,282.5,274.1,43.02,49,70,0.818,12.9,0.878
2026-01-04,20,10:00,324.1,274.3,49.39,56,80,0.8349,11.1,0.882
2026-01-04,21,10:30,349.0,273.7,53.07,60,86,0.8419,10.4,0.8846
2026-01-04,22,11:00,359.1,273.1,54.48,61,88,0.8191,12.2,0.8931
2026-01-04,23,11:30,354.5,273.9,53.95,61,88,0.8456,10.0,0.8845
2026-01-04,24,12:00,342.0,274.2,52.1,59,85,0.8429,10.3,0.883
2026-01-04,25,12:30,330.3,273.4,50.17,57,82,0.8439,10.3,0.8802
2026-01-04,26,13:00,321.8,273.9,48.96,55,79,0.8053,13.7,0.8902
2026-01-04,27,13:30,323.6,273.9,49.24,56,80,0.8427,10.4,0.8793
2026-01-04,28,14:00,336.6,274.5,51.34,58,83,0.8326,11.2,0.8852
2026-01-04,29,14:30,358.2,273.4,54.41,61,88,0.8225,11.9,0.892
2026-01-04,30,15:00,385.3,273.7,58.59,66,95,0.8521,9.4,0.8878
2026-01-04,31,15:30,410.3,274.7,62.62,70,100,0.8429,10.0,0.8946
2026-01-04,32,16:00,428.7,274.2,65.31,73,105,0.8517,9.3,0.8946
2026-01-04,33,16:30,432.9,273.9,65.87,74,106,0.8676,8.1,0.8902
2026-01-04,34,17:00,417.7,274.5,63.71,71,102,0.8372,10.4,0.8973
2026-01-04,35,17:30,385.8,273.6,58.64,66,95,0.8498,9.6,0.8885
2026-01-04,36,18:00,338.4,274.0,51.51,58,83,0.8237,12.0,0.8882
2026-01-04,37,18:30,282.9,274.7,43.17,49,70,0.809,13.8,0.881
2026-01-04,38,19:00,225.0,273.9,34.25,40,58,0.8337,12.0,0.8562
2026-01-04,39,19:30,169.6,274.5,25.86,31,45,0.8313,13.1,0.8342
2026-01-04,40,20:00,122.5,273.1,18.59,23,33,0.8224,15.2,0.8084
2026-01-04,41,20:30,83.6,273.9,12.72,17,25,0.8618,12.1,0.7481
2026-01-04,42,21:00,54.8,272.6,8.31,12,18,0.8682,12.8,0.6922
2026-01-04,43,21:30,34.8,275.5,5.32,8,12,0.8201,22.5,0.665
2026-01-04,44,22:00,21.1,275.0,3.23,6,9,0.8927,13.0,0.5379
2026-01-04,45,22:30,13.2,272.8,1.99,4,6,0.851,23.5,0.4986
2026-01-04,46,23:00,8.1,270.9,1.21,3,5,0.8733,21.9,0.4041
2026-01-04,47,23:30,5.3,275.2,0.8,3,5,0.9551,6.6,0.2679
2026-01-05,0,00:00,5.0,268.6,0.74,2,3,0.8186,42.4,0.3694
2026-01-05,1,00:30,4.7,279.7,0.73,2,3,0.8222,42.9,0.3645
2026-01-05,2,01:00,4.8,277.3,0.74,2,3,0.8158,44.5,0.372
2026-01-05,3,01:30,4.9,271.8,0.73,2,3,0.8207,42.2,0.3668
2026-01-05,4,02:00,5.1,274.1,0.77,2,3,0.8032,48.1,0.3863
2026-01-05,5,02:30,5.1,275.2,0.78,2,3,0.8005,49.1,0.3891
2026-01-05,6,03:00,4.9,270.8,0.74,2,3,0.818,42.9,0.3698
2026-01-05,7,03:30,5.1,270.5,0.77,2,3,0.8046,47.1,0.385
2026-01-05,8,04:00,5.8,271.3,0.87,3,5,0.9453,8.1,0.2894
2026-01-05,9,04:30,7.1,275.8,1.09,3,5,0.903,16.1,0.3623
2026-01-05,10,05:00,10.3,275.9,1.59,4,6,0.9259,10.1,0.3964
2026-01-05,11,05:30,17.6,268.9,2.63,5,8,0.8706,17.5,0.526
2026-01-05,12,06:00,31.2,278.1,4.83,8,12,0.886,12.6,0.6035
2026-01-05,13,06:30,54.0,273.1,8.19,12,18,0.8788,11.5,0.6829
2026-01-05,14,07:00,94.0,274.6,14.34,19,28,0.8731,10.5,0.7547
2026-01-05,15,07:30,151.0,273.2,22.92,28,40,0.8434,12.2,0.8184
2026-01-05,16,08:00,230.6,273.2,34.99,41,59,0.8456,10.9,0.8534
2026-01-05,17,08:30,324.4,273.9,49.37,56,80,0.8361,11.0,0.8816
2026-01-05,18,09:00,423.8,274.3,64.57,72,103,0.8419,10.0,0.8968
2026-01-05,19,09:30,521.7,274.1,79.45,89,128,0.8947,6.1,0.8927
2026-01-05,20,10:00,598.4,274.3,91.21,102,146,0.9135,4.8,0.8942
2026-01-05,21,10:30,644.6,273.7,98.01,109,156,0.9121,4.9,0.8992
2026-01-05,22,11:00,663.2,273.1,100.6,112,160,0.9187,4.5,0.8982
2026-01-05,23,11:30,654.6,273.9,99.63,111,159,0.9187,4.5,0.8975
2026-01-05,24,12:00,631.6,274.2,96.2,107,153,0.9091,5.1,0.8991
2026-01-05,25,12:30,610.0,273.4,92.65,103,148,0.902,5.5,0.8995
2026-01-05,26,13:00,594.2,273.9,90.41,101,145,0.9096,5.1,0.8952
2026-01-05,27,13:30,597.6,273.9,90.93,102,146,0.9197,4.5,0.8915
2026-01-05,28,14:00,621.6,274.5,94.81,106,152,0.9187,4.5,0.8944
2026-01-05,29,14:30,661.4,273.4,100.48,112,160,0.9212,4.3,0.8971
2026-01-05,30,15:00,711.4,273.7,108.2,121,173,0.938,3.4,0.8942
2026-01-05,31,15:30,757.7,274.7,115.64,129,185,0.9416,3.2,0.8965
2026-01-05,32,16:00,791.6,274.2,120.6,134,192,0.9397,3.3,0.9
2026-01-05,33,16:30,799.5,273.9,121.64,136,195,0.9516,2.6,0.8944
2026-01-05,34,17:00,771.3,274.5,117.65,131,188,0.9405,3.2,0.8981
2026-01-05,35,17:30,712.4,273.6,108.29,121,173,0.9365,3.5,0.895
2026-01-05,36,18:00,624.9,274.0,95.13,106,152,0.9118,4.9,0.8974
2026-01-05,37,18:30,522.3,274.7,79.71,89,128,0.8866,6.6,0.8956
2026-01-05,38,19:00,415.6,273.9,63.24,71,102,0.858,8.8,0.8907
2026-01-05,39,19:30,313.1,274.5,47.76,54,78,0.8198,12.5,0.8844
2026-01-05,40,20:00,226.3,273.1,34.34,40,58,0.8284,12.5,0.8584
2026-01-05,41,20:30,154.3,273.9,23.48,29,42,0.8662,9.9,0.8098
2026-01-05,42,21:00,101.3,272.6,15.34,20,29,0.8655,11.1,0.7669
2026-01-05,43,21:30,64.2,275.5,9.82,14,20,0.8846,10.3,0.7017
2026-01-05,44,22:00,39.0,275.0,5.96,9,13,0.8478,17.2,0.6622
2026-01-05,45,22:30,24.3,272.8,3.68,6,9,0.82,25.1,0.6139
2026-01-05,46,23:00,14.9,270.9,2.24,5,8,0.9272,8.8,0.4477
2026-01-05,47,23:30,9.7,275.2,1.48,4,6,0.9399,7.9,0.371
2026-01-06,0,00:00,4.3,268.6,0.64,2,3,0.8608,30.4,0.3187
2026-01-06,1,00:30,4.0,279.7,0.63,2,3,0.8636,30.7,0.3145
2026-01-06,2,01:00,4.2,277.3,0.64,2,3,0.8586,31.8,0.3209
2026-01-06,3,01:30,4.2,271.8,0.63,2,3,0.8624,30.2,0.3164
2026-01-06,4,02:00,4.4,274.1,0.67,2,3,0.8488,34.2,0.3333
2026-01-06,5,02:30,4.4,275.2,0.67,2,3,0.8468,35.0,0.3357
2026-01-06,6,03:00,4.2,270.8,0.64,2,3,0.8604,30.7,0.3191
2026-01-06,7,03:30,4.4,270.5,0.66,2,3,0.8499,33.5,0.3322
2026-01-06,8,04:00,5.0,271.3,0.75,2,3,0.8139,44.3,0.3745
2026-01-06,9,04:30,6.1,275.8,0.94,3,5,0.9332,10.4,0.3126
2026-01-06,10,05:00,8.9,275.9,1.37,3,5,0.8296,32.4,0.456
2026-01-06,11,05:30,15.2,268.9,2.27,5,8,0.9237,9.2,0.4538
2026-01-06,12,06:00,27.0,278.1,4.17,7,10,0.8699,15.7,0.595
2026-01-06,13,06:30,46.6,273.1,7.07,10,15,0.8124,21.7,0.707
2026-01-06,14,07:00,81.1,274.6,12.37,16,23,0.8097,18.8,0.7732
2026-01-06,15,07:30,130.3,273.2,19.77,25,36,0.8703,9.9,0.7908
2026-01-06,16,08:00,198.9,273.2,30.19,36,52,0.8527,10.6,0.8386
2026-01-06,17,08:30,279.9,273.9,42.59,49,70,0.8425,10.7,0.8693
2026-01-06,18,09:00,365.6,274.3,55.71,62,89,0.8035,13.6,0.8985
2026-01-06,19,09:30,450.1,274.1,68.54,77,110,0.8752,7.5,0.8902
2026-01-06,20,10:00,516.3,274.3,78.69,88,126,0.8887,6.5,0.8942
2026-01-06,21,10:30,556.1,273.7,84.56,94,135,0.8859,6.6,0.8995
2026-01-06,22,11:00,572.1,273.1,86.79,97,139,0.9043,5.4,0.8947
2026-01-06,23,11:30,564.8,273.9,85.95,96,138,0.9008,5.6,0.8954
2026-01-06,24,12:00,544.9,274.2,83.0,93,133,0.9027,5.5,0.8925
2026-01-06,25,12:30,526.2,273.4,79.93,89,128,0.88,7.0,0.8981
2026-01-06,26,13:00,512.6,273.9,78.0,87,125,0.88,7.0,0.8966
2026-01-06,27,13:30,515.6,273.9,78.45,88,126,0.8959,6.0,0.8915
2026-01-06,28,14:00,536.3,274.5,81.8,91,130,0.8815,6.9,0.8989
2026-01-06,29,14:30,570.6,273.4,86.68,97,139,0.9069,5.2,0.8937
2026-01-06,30,15:00,613.8,273.7,93.35,104,149,0.9085,5.1,0.8976
2026-01-06,31,15:30,653.7,274.7,99.77,111,159,0.9154,4.7,0.8988
2026-01-06,32,16:00,683.0,274.2,104.04,116,166,0.9265,4.0,0.8969
2026-01-06,33,16:30,689.8,273.9,104.95,117,168,0.9277,4.0,0.897
2026-01-06,34,17:00,665.5,274.5,101.5,113,162,0.9196,4.4,0.8982
2026-01-06,35,17:30,614.6,273.6,93.43,104,149,0.9065,5.2,0.8983
2026-01-06,36,18:00,539.1,274.0,82.07,92,132,0.9019,5.6,0.8921
2026-01-06,37,18:30,450.6,274.7,68.77,77,110,0.8666,8.1,0.8931
2026-01-06,38,19:00,358.5,273.9,54.56,61,88,0.8141,12.7,0.8944
2026-01-06,39,19:30,270.2,274.5,41.2,47,68,0.8129,13.5,0.8766
2026-01-06,40,20:00,195.2,273.1,29.62,35,50,0.8295,12.8,0.8464
2026-01-06,41,20:30,133.1,273.9,20.26,25,36,0.8357,13.4,0.8104
2026-01-06,42,21:00,87.4,272.6,13.23,17,25,0.814,17.8,0.7785
2026-01-06,43,21:30,55.4,275.5,8.48,12,18,0.8504,15.1,0.7063
2026-01-06,44,22:00,33.7,275.0,5.14,8,12,0.8466,18.2,0.6427
2026-01-06,45,22:30,21.0,272.8,3.18,6,9,0.8994,12.0,0.5296
2026-01-06,46,23:00,12.8,270.9,1.93,4,6,0.8648,20.6,0.4828
2026-01-06,47,23:30,8.4,275.2,1.28,3,5,0.8549,26.3,0.4268
2026-01-07,0,00:00,4.1,268.6,0.62,2,3,0.8692,28.1,0.308
2026-01-07,1,00:30,3.9,279.7,0.61,2,3,0.8717,28.5,0.304
2026-01-07,2,01:00,4.0,277.3,0.62,2,3,0.867,29.5,0.3102
2026-01-07,3,01:30,4.1,271.8,0.61,2,3,0.8706,28.0,0.3058
2026-01-07,4,02:00,4.2,274.1,0.64,2,3,0.8578,31.7,0.3221
2026-01-07,5,02:30,4.2,275.2,0.65,2,3,0.8559,32.4,0.3245
2026-01-07,6,03:00,4.1,270.8,0.62,2,3,0.8687,28.5,0.3084
2026-01-07,7,03:30,4.3,270.5,0.64,2,3,0.8589,31.1,0.3211
2026-01-07,8,04:00,4.8,271.3,0.72,2,3,0.8248,40.9,0.362
2026-01-07,9,04:30,5.9,275.8,0.91,3,5,0.9388,9.4,0.3021
2026-01-07,10,05:00,8.6,275.9,1.32,3,5,0.843,29.2,0.4407
2026-01-07,11,05:30,14.7,268.9,2.19,4,6,0.8034,33.5,0.5483
2026-01-07,12,06:00,26.1,278.1,4.03,7,10,0.888,13.0,0.5751
2026-01-07,13,06:30,45.0,273.1,6.83,10,15,0.8436,17.0,0.6833
2026-01-07,14,07:00,78.4,274.6,11.96,16,23,0.851,13.6,0.7474
2026-01-07,15,07:30,125.9,273.2,19.11,24,35,0.8536,11.7,0.7962
2026-01-07,16,08:00,192.3,273.2,29.18,35,50,0.8573,10.3,0.8337
2026-01-07,17,08:30,270.5,273.9,41.17,47,68,0.8152,13.3,0.8759
2026-01-07,18,09:00,353.4,274.3,53.84,60,86,0.8,14.0,0.8974
2026-01-07,19,09:30,435.0,274.1,66.25,74,106,0.8525,9.2,0.8953
2026-01-07,20,10:00,499.0,274.3,76.05,85,122,0.8808,7.0,0.8948
2026-01-07,21,10:30,537.5,273.7,81.73,91,130,0.8841,6.7,0.8981
2026-01-07,22,11:00,553.0,273.1,83.89,94,135,0.9049,5.4,0.8924
2026-01-07,23,11:30,545.9,273.9,83.08,93,133,0.9006,5.7,0.8933
2026-01-07,24,12:00,526.7,274.2,80.22,90,129,0.8999,5.7,0.8914
2026-01-07,25,12:30,508.6,273.4,77.26,86,123,0.8728,7.5,0.8984
2026-01-07,26,13:00,495.5,273.9,75.39,84,121,0.8706,7.7,0.8975
2026-01-07,27,13:30,498.3,273.9,75.83,85,122,0.8883,6.5,0.8921
2026-01-07,28,14:00,518.4,274.5,79.06,88,126,0.8766,7.3,0.8984
2026-01-07,29,14:30,551.6,273.4,83.78,94,135,0.9074,5.2,0.8913
2026-01-07,30,15:00,593.3,273.7,90.22,101,145,0.9141,4.8,0.8933
2026-01-07,31,15:30,631.8,274.7,96.43,108,155,0.9249,4.1,0.8929
2026-01-07,32,16:00,660.1,274.2,100.56,112,160,0.9192,4.5,0.8979
2026-01-07,33,16:30,666.7,273.9,101.44,113,162,0.9211,4.3,0.8977
2026-01-07,34,17:00,643.2,274.5,98.1,110,158,0.9297,3.9,0.8919
2026-01-07,35,17:30,594.0,273.6,90.3,101,145,0.9123,4.9,0.8941
2026-01-07,36,18:00,521.1,274.0,79.32,89,128,0.8983,5.8,0.8913
2026-01-07,37,18:30,435.6,274.7,66.47,74,106,0.8427,9.9,0.8983
2026-01-07,38,19:00,346.5,273.9,52.74,59,85,0.8088,13.2,0.8938
2026-01-07,39,19:30,261.1,274.5,39.82,46,66,0.8386,11.3,0.8657
2026-01-07,40,20:00,188.7,273.1,28.63,34,49,0.8333,12.6,0.8421
2026-01-07,41,20:30,128.7,273.9,19.58,24,35,0.8161,15.7,0.816
2026-01-07,42,21:00,84.5,272.6,12.79,17,25,0.8558,12.7,0.7524
2026-01-07,43,21:30,53.5,275.5,8.19,12,18,0.8787,11.6,0.6827
2026-01-07,44,22:00,32.5,275.0,4.97,8,12,0.8694,14.8,0.6212
2026-01-07,45,22:30,20.3,272.8,3.07,6,9,0.9124,10.1,0.5119
2026-01-07,46,23:00,12.4,270.9,1.87,4,6,0.878,18.1,0.4667
2026-01-07,47,23:30,8.1,275.2,1.24,3,5,0.8664,23.7,0.4125
2026-01-08,0,00:00,4.1,268.6,0.61,2,3,0.8726,27.3,0.3035
2026-01-08,1,00:30,3.9,279.7,0.6,2,3,0.8751,27.6,0.2995
2026-01-08,2,01:00,4.0,277.3,0.61,2,3,0.8705,28.6,0.3057
2026-01-08,3,01:30,4.0,271.8,0.6,2,3,0.874,27.2,0.3014
2026-01-08,4,02:00,4.2,274.1,0.63,2,3,0.8615,30.7,0.3174
2026-01-08,5,02:30,4.2,275.2,0.64,2,3,0.8597,31.3,0.3197
2026-01-08,6,03:00,4.0,270.8,0.61,2,3,0.8722,27.6,0.3039
2026-01-08,7,03:30,4.2,270.5,0.63,2,3,0.8625,30.1,0.3164
2026-01-08,8,04:00,4.7,271.3,0.71,2,3,0.8294,39.6,0.3567
2026-01-08,9,04:30,5.8,275.8,0.89,3,5,0.941,9.0,0.2977
2026-01-08,10,05:00,8.5,275.9,1.3,3,5,0.8485,27.9,0.4343
2026-01-08,11,05:30,14.5,268.9,2.16,4,6,0.8117,31.6,0.5403
2026-01-08,12,06:00,25.7,278.1,3.97,7,10,0.895,12.0,0.5667
2026-01-08,13,06:30,44.4,273.1,6.73,10,15,0.8556,15.3,0.6734
2026-01-08,14,07:00,77.2,274.6,11.78,16,23,0.8662,11.9,0.7365
2026-01-08,15,07:30,124.1,273.2,18.83,23,33,0.8011,17.7,0.8188
2026-01-08,16,08:00,189.5,273.2,28.75,34,49,0.825,13.4,0.8457
2026-01-08,17,08:30,266.6,273.9,40.57,47,68,0.8496,10.2,0.8632
2026-01-08,18,09:00,348.2,274.3,53.06,60,86,0.8425,10.3,0.8843
2026-01-08,19,09:30,428.7,274.1,65.29,73,105,0.8526,9.2,0.8943
2026-01-08,20,10:00,491.7,274.3,74.95,84,121,0.8856,6.7,0.8922
2026-01-08,21,10:30,529.7,273.7,80.54,90,129,0.891,6.3,0.8949
2026-01-08,22,11:00,544.9,273.1,82.67,92,132,0.885,6.7,0.8985
2026-01-08,23,11:30,537.9,273.9,81.87,91,130,0.8795,7.0,0.8997
2026-01-08,24,12:00,519.0,274.2,79.05,88,126,0.877,7.2,0.8983
2026-01-08,25,12:30,501.2,273.4,76.13,85,122,0.8784,7.2,0.8957
2026-01-08,26,13:00,488.3,273.9,74.3,83,119,0.8754,7.4,0.8951
2026-01-08,27,13:30,491.1,273.9,74.72,84,121,0.8927,6.2,0.8895
2026-01-08,28,14:00,510.8,274.5,77.91,87,125,0.8829,6.9,0.8955
2026-01-08,29,14:30,543.5,273.4,82.56,92,132,0.8879,6.5,0.8974
2026-01-08,30,15:00,584.6,273.7,88.91,99,142,0.899,5.7,0.8981
2026-01-08,31,15:30,622.6,274.7,95.03,106,152,0.9139,4.8,0.8965
2026-01-08,32,16:00,650.5,274.2,99.1,111,159,0.9291,3.9,0.8928
2026-01-08,33,16:30,657.0,273.9,99.96,112,160,0.931,3.8,0.8925
2026-01-08,34,17:00,633.8,274.5,96.68,108,155,0.9199,4.4,0.8951
2026-01-08,35,17:30,585.4,273.6,88.99,99,142,0.8969,5.9,0.8989
2026-01-08,36,18:00,513.5,274.0,78.17,87,125,0.8745,7.4,0.8985
2026-01-08,37,18:30,429.2,274.7,65.5,73,105,0.843,9.9,0.8973
2026-01-08,38,19:00,341.5,273.9,51.97,59,85,0.8492,9.8,0.8808
2026-01-08,39,19:30,257.3,274.5,39.24,45,65,0.8166,13.3,0.8721
2026-01-08,40,20:00,186.0,273.1,28.22,34,49,0.8594,10.1,0.8299
2026-01-08,41,20:30,126.8,273.9,19.3,24,35,0.8394,13.2,0.8041
2026-01-08,42,21:00,83.2,272.6,12.6,17,25,0.8711,11.0,0.7415
2026-01-08,43,21:30,52.7,275.5,8.07,12,18,0.8893,10.3,0.6727
2026-01-08,44,22:00,32.1,275.0,4.9,8,12,0.8782,13.5,0.6121
2026-01-08,45,22:30,20.0,272.8,3.03,6,9,0.9175,9.4,0.5044
2026-01-08,46,23:00,12.2,270.9,1.84,4,6,0.8833,17.2,0.4599
2026-01-08,47,23:30,8.0,275.2,1.22,3,5,0.8711,22.7,0.4065
2026-01-09,0,00:00,3.8,268.6,0.56,2,3,0.8889,23.1,0.2815
2026-01-09,1,00:30,3.6,279.7,0.56,2,3,0.8911,23.4,0.2778
2026-01-09,2,01:00,3.7,277.3,0.57,2,3,0.8871,24.2,0.2835
2026-01-09,3,01:30,3.7,271.8,0.56,2,3,0.8902,23.0,0.2795
2026-01-09,4,02:00,3.9,274.1,0.59,2,3,0.8792,26.0,0.2944
2026-01-09,5,02:30,3.9,275.2,0.59,2,3,0.8776,26.5,0.2965
2026-01-09,6,03:00,3.7,270.8,0.56,2,3,0.8885,23.4,0.2818
2026-01-09,7,03:30,3.9,270.5,0.59,2,3,0.8801,25.5,0.2934
2026-01-09,8,04:00,4.4,271.3,0.66,2,3,0.851,33.3,0.3308
2026-01-09,9,04:30,5.4,275.8,0.83,3,5,0.9514,7.2,0.2761
2026-01-09,10,05:00,7.9,275.9,1.21,3,5,0.874,22.1,0.4027
2026-01-09,11,05:30,13.4,268.9,2.0,4,6,0.8492,23.6,0.501
2026-01-09,12,06:00,23.8,278.1,3.68,6,9,0.8202,25.5,0.6131
2026-01-09,13,06:30,41.2,273.1,6.24,9,13,0.8079,23.3,0.6938
2026-01-09,14,07:00,71.6,274.6,10.93,15,22,0.8646,12.3,0.7285
2026-01-09,15,07:30,115.1,273.2,17.46,22,32,0.8405,13.4,0.7938
2026-01-09,16,08:00,175.7,273.2,26.66,32,46,0.8403,12.1,0.8333
2026-01-09,17,08:30,247.2,273.9,37.62,44,63,0.8558,9.9,0.855
2026-01-09,18,09:00,322.9,274.3,49.2,56,80,0.8445,10.3,0.8786
2026-01-09,19,09:30,397.5,274.1,60.54,68,98,0.8504,9.5,0.8903
2026-01-09,20,10:00,456.0,274.3,69.5,78,112,0.8751,7.5,0.8911
2026-01-09,21,10:30,491.2,273.7,74.69,83,119,0.8613,8.4,0.8998
2026-01-09,22,11:00,505.3,273.1,76.66,86,123,0.8923,6.2,0.8914
2026-01-09,23,11:30,498.8,273.9,75.92,85,122,0.8852,6.7,0.8932
2026-01-09,24,12:00,481.3,274.2,73.31,82,118,0.8762,7.4,0.894
2026-01-09,25,12:30,464.8,273.4,70.6,79,113,0.8703,7.8,0.8937
2026-01-09,26,13:00,452.8,273.9,68.9,77,110,0.862,8.4,0.8948
2026-01-09,27,13:30,455.4,273.9,69.29,77,110,0.8458,9.6,0.8999
2026-01-09,28,14:00,473.7,274.5,72.25,81,116,0.8795,7.1,0.892
2026-01-09,29,14:30,504.0,273.4,76.57,86,123,0.895,6.1,0.8903
2026-01-09,30,15:00,542.1,273.7,82.45,92,132,0.8913,6.3,0.8962
2026-01-09,31,15:30,577.4,274.7,88.12,98,140,0.8939,6.1,0.8992
2026-01-09,32,16:00,603.3,274.2,91.9,103,148,0.9194,4.5,0.8922
2026-01-09,33,16:30,609.2,273.9,92.7,103,148,0.9006,5.6,0.9
2026-01-09,34,17:00,587.8,274.5,89.65,100,143,0.9045,5.4,0.8965
2026-01-09,35,17:30,542.8,273.6,82.52,92,132,0.8892,6.4,0.897
2026-01-09,36,18:00,476.2,274.0,72.49,81,116,0.8713,7.7,0.8949
2026-01-09,37,18:30,398.0,274.7,60.74,68,98,0.8411,10.2,0.8933
2026-01-09,38,19:00,316.7,273.9,48.19,55,79,0.8475,10.1,0.8762
2026-01-09,39,19:30,238.6,274.5,36.39,42,61,0.8172,13.5,0.8665
2026-01-09,40,20:00,172.4,273.1,26.17,31,45,0.8091,15.4,0.844
2026-01-09,41,20:30,117.6,273.9,17.9,22,32,0.8024,17.8,0.8135
2026-01-09,42,21:00,77.2,272.6,11.69,16,23,0.8742,10.9,0.7306
2026-01-09,43,21:30,48.9,275.5,7.49,11,16,0.8651,13.7,0.6806
2026-01-09,44,22:00,29.7,275.0,4.54,7,10,0.8118,25.2,0.6488
2026-01-09,45,22:30,18.5,272.8,2.81,5,8,0.8374,23.8,0.5613
2026-01-09,46,23:00,11.3,270.9,1.71,4,6,0.9073,13.0,0.4265
2026-01-09,47,23:30,7.4,275.2,1.13,3,5,0.893,18.0,0.377
2026-01-10,0,00:00,2.8,268.6,0.42,2,3,0.9356,12.3,0.2094
2026-01-10,1,00:30,2.7,279.7,0.41,2,3,0.9368,12.5,0.2066
2026-01-10,2,01:00,2.7,277.3,0.42,2,3,0.9345,12.9,0.2108
2026-01-10,3,01:30,2.8,271.8,0.42,2,3,0.9363,12.3,0.2079
2026-01-10,4,02:00,2.9,274.1,0.44,2,3,0.9298,13.8,0.2189
2026-01-10,5,02:30,2.9,275.2,0.44,2,3,0.9288,14.1,0.2205
2026-01-10,6,03:00,2.8,270.8,0.42,2,3,0.9354,12.4,0.2096
2026-01-10,7,03:30,2.9,270.5,0.44,2,3,0.9304,13.5,0.2182
2026-01-10,8,04:00,3.3,271.3,0.49,2,3,0.9131,17.5,0.2461
2026-01-10,9,04:30,4.0,275.8,0.62,2,3,0.8688,28.9,0.308
2026-01-10,10,05:00,5.9,275.9,0.9,3,5,0.9401,9.2,0.2995
2026-01-10,11,05:30,10.0,268.9,1.49,4,6,0.9393,7.8,0.3727
2026-01-10,12,06:00,17.7,278.1,2.74,5,8,0.8506,21.6,0.5473
2026-01-10,13,06:30,30.6,273.1,4.64,8,12,0.906,9.8,0.5806
2026-01-10,14,07:00,53.3,274.6,8.13,12,18,0.8846,10.9,0.6773
2026-01-10,15,07:30,85.6,273.2,12.99,17,25,0.838,14.8,0.764
2026-01-10,16,08:00,130.7,273.2,19.83,25,36,0.8663,10.3,0.7933
2026-01-10,17,08:30,183.9,273.9,27.98,33,48,0.813,14.7,0.8479
2026-01-10,18,09:00,240.2,274.3,36.6,42,61,0.8035,14.8,0.8714
2026-01-10,19,09:30,295.7,274.1,45.03,51,73,0.8119,13.4,0.8829
2026-01-10,20,10:00,339.2,274.3,51.69,58,83,0.8135,12.9,0.8913
2026-01-10,21,10:30,365.3,273.7,55.55,62,89,0.8126,12.7,0.896
2026-01-10,22,11:00,375.9,273.1,57.02,64,92,0.8364,10.7,0.8909
2026-01-10,23,11:30,371.0,273.9,56.47,63,90,0.8148,12.5,0.8963
2026-01-10,24,12:00,358.0,274.2,54.53,61,88,0.8159,12.5,0.8939
2026-01-10,25,12:30,345.7,273.4,52.51,59,85,0.8215,12.1,0.8901
2026-01-10,26,13:00,336.8,273.9,51.25,58,83,0.8378,10.8,0.8835
2026-01-10,27,13:30,338.7,273.9,51.54,58,83,0.8223,12.1,0.8886
2026-01-10,28,14:00,352.3,274.5,53.74,60,86,0.8061,13.4,0.8956
2026-01-10,29,14:30,374.9,273.4,56.95,64,92,0.8396,10.4,0.8898
2026-01-10,30,15:00,403.2,273.7,61.32,69,99,0.8581,8.9,0.8888
2026-01-10,31,15:30,429.4,274.7,65.54,73,105,0.8411,10.1,0.8979
2026-01-10,32,16:00,448.7,274.2,68.35,76,109,0.8447,9.7,0.8994
2026-01-10,33,16:30,453.1,273.9,68.95,77,110,0.8601,8.6,0.8954
2026-01-10,34,17:00,437.2,274.5,66.68,75,108,0.8731,7.7,0.8891
2026-01-10,35,17:30,403.8,273.6,61.38,69,99,0.8558,9.0,0.8895
2026-01-10,36,18:00,354.2,274.0,53.92,61,88,0.8473,9.9,0.8839
2026-01-10,37,18:30,296.1,274.7,45.18,51,73,0.8023,14.3,0.8859
2026-01-10,38,19:00,235.5,273.9,35.84,42,61,0.8503,10.4,0.8534
2026-01-10,39,19:30,177.5,274.5,27.07,32,46,0.8112,15.0,0.8459
2026-01-10,40,20:00,128.3,273.1,19.46,24,35,0.8265,14.6,0.8109
2026-01-10,41,20:30,87.5,273.9,13.31,17,25,0.8056,18.9,0.783
2026-01-10,42,21:00,57.4,272.6,8.69,12,18,0.8261,18.3,0.7245
2026-01-10,43,21:30,36.4,275.5,5.57,9,13,0.8926,11.1,0.6187
2026-01-10,44,22:00,22.1,275.0,3.38,6,9,0.8713,16.3,0.563
2026-01-10,45,22:30,13.8,272.8,2.09,4,6,0.8295,28.0,0.5219
2026-01-10,46,23:00,8.4,270.9,1.27,3,5,0.8583,25.2,0.4229
2026-01-10,47,23:30,5.5,275.2,0.84,3,5,0.9495,7.5,0.2804
2026-01-11,0,00:00,2.7,268.6,0.4,2,3,0.9404,11.3,0.2008
2026-01-11,1,00:30,2.6,279.7,0.4,2,3,0.9416,11.4,0.1982
2026-01-11,2,01:00,2.6,277.3,0.4,2,3,0.9394,11.8,0.2022
2026-01-11,3,01:30,2.6,271.8,0.4,2,3,0.9411,11.3,0.1994
2026-01-11,4,02:00,2.8,274.1,0.42,2,3,0.935,12.6,0.21
2026-01-11,5,02:30,2.8,275.2,0.42,2,3,0.9341,12.9,0.2115
2026-01-11,6,03:00,2.7,270.8,0.4,2,3,0.9402,11.4,0.2011
2026-01-11,7,03:30,2.8,270.5,0.42,2,3,0.9355,12.4,0.2093
2026-01-11,8,04:00,3.1,271.3,0.47,2,3,0.9195,16.0,0.236
2026-01-11,9,04:30,3.9,275.8,0.59,2,3,0.8783,26.4,0.2954
2026-01-11,10,05:00,5.6,275.9,0.86,3,5,0.9462,8.1,0.2873
2026-01-11,11,05:30,9.6,268.9,1.43,3,5,0.8111,36.4,0.4766
2026-01-11,12,06:00,17.0,278.1,2.62,5,8,0.8707,18.0,0.5249
2026-01-11,13,06:30,29.4,273.1,4.45,7,10,0.8267,22.4,0.6364
2026-01-11,14,07:00,51.1,274.6,7.8,11,16,0.8299,18.4,0.7087
2026-01-11,15,07:30,82.1,273.2,12.46,16,23,0.8004,20.0,0.7786
2026-01-11,16,08:00,125.3,273.2,19.02,24,35,0.8597,11.1,0.7926
2026-01-11,17,08:30,176.4,273.9,26.84,32,46,0.8281,13.3,0.8387
2026-01-11,18,09:00,230.4,274.3,35.1,41,59,0.8389,11.5,0.8561
2026-01-11,19,09:30,283.6,274.1,43.19,49,70,0.8077,13.9,0.8814
2026-01-11,20,10:00,325.3,274.3,49.58,56,80,0.8246,12.0,0.8854
2026-01-11,21,10:30,350.4,273.7,53.28,60,86,0.8315,11.2,0.888
2026-01-11,22,11:00,360.5,273.1,54.69,61,88,0.8072,13.2,0.8965
2026-01-11,23,11:30,355.9,273.9,54.16,61,88,0.8353,10.9,0.8879
2026-01-11,24,12:00,343.4,274.2,52.3,59,85,0.8327,11.2,0.8864
2026-01-11,25,12:30,331.6,273.4,50.37,57,82,0.834,11.1,0.8836
2026-01-11,26,13:00,323.0,273.9,49.15,56,80,0.8472,10.1,0.8777
2026-01-11,27,13:30,324.9,273.9,49.43,56,80,0.8328,11.3,0.8827
2026-01-11,28,14:00,337.9,274.5,51.54,58,83,0.8219,12.1,0.8887
2026-01-11,29,14:30,359.6,273.4,54.62,61,88,0.8109,12.9,0.8954
2026-01-11,30,15:00,386.8,273.7,58.82,66,95,0.8417,10.2,0.8912
2026-01-11,31,15:30,411.9,274.7,62.87,70,100,0.8315,10.9,0.8981
2026-01-11,32,16:00,430.4,274.2,65.56,73,105,0.8406,10.1,0.8981
2026-01-11,33,16:30,434.6,273.9,66.13,74,106,0.8575,8.8,0.8936
2026-01-11,34,17:00,419.3,274.5,63.96,72,103,0.8675,8.1,0.8883
2026-01-11,35,17:30,387.3,273.6,58.87,66,95,0.8393,10.4,0.892
2026-01-11,36,18:00,339.7,274.0,51.71,58,83,0.8125,12.9,0.8916
2026-01-11,37,18:30,284.0,274.7,43.33,50,72,0.853,9.8,0.8667
2026-01-11,38,19:00,225.9,273.9,34.38,40,58,0.8254,12.8,0.8595
2026-01-11,39,19:30,170.2,274.5,25.96,31,45,0.8241,13.8,0.8375
2026-01-11,40,20:00,123.0,273.1,18.67,23,33,0.8161,15.9,0.8116
2026-01-11,41,20:30,83.9,273.9,12.77,17,25,0.8576,12.5,0.751
2026-01-11,42,21:00,55.1,272.6,8.34,12,18,0.865,13.1,0.6949
2026-01-11,43,21:30,34.9,275.5,5.34,8,12,0.8169,23.0,0.6676
2026-01-11,44,22:00,21.2,275.0,3.24,6,9,0.891,13.3,0.5399
2026-01-11,45,22:30,13.2,272.8,2.0,4,6,0.8493,23.8,0.5006
2026-01-11,46,23:00,8.1,270.9,1.22,3,5,0.8721,22.2,0.4057
2026-01-11,47,23:30,5.3,275.2,0.81,3,5,0.9547,6.7,0.2689
2026-01-12,0,00:00,5.0,268.6,0.74,2,3,0.8179,42.6,0.3702
2026-01-12,1,00:30,4.7,279.7,0.73,2,3,0.8215,43.1,0.3653
2026-01-12,2,01:00,4.8,277.3,0.75,2,3,0.8151,44.7,0.3728
2026-01-12,3,01:30,4.9,271.8,0.74,2,3,0.82,42.5,0.3676
2026-01-12,4,02:00,5.1,274.1,0.77,2,3,0.8024,48.3,0.3871
2026-01-12,5,02:30,5.1,275.2,0.78,3,5,0.9585,6.0,0.26
2026-01-12,6,03:00,4.9,270.8,0.74,2,3,0.8173,43.1,0.3706
2026-01-12,7,03:30,5.1,270.5,0.77,2,3,0.8038,47.3,0.3859
2026-01-12,8,04:00,5.8,271.3,0.87,3,5,0.945,8.2,0.29
2026-01-12,9,04:30,7.1,275.8,1.09,3,5,0.9025,16.2,0.3631
2026-01-12,10,05:00,10.4,275.9,1.59,4,6,0.9254,10.2,0.3972
2026-01-12,11,05:30,17.6,268.9,2.64,5,8,0.8696,17.7,0.5271
2026-01-12,12,06:00,31.3,278.1,4.84,8,12,0.8848,12.7,0.6048
2026-01-12,13,06:30,54.1,273.1,8.21,12,18,0.8771,11.7,0.6843
2026-01-12,14,07:00,94.2,274.6,14.37,19,28,0.8709,10.7,0.7564
2026-01-12,15,07:30,151.3,273.2,22.97,28,40,0.8399,12.6,0.8202
2026-01-12,16,08:00,231.1,273.2,35.07,41,59,0.8412,11.3,0.8553
2026-01-12,17,08:30,325.1,273.9,49.48,56,80,0.8305,11.5,0.8835
2026-01-12,18,09:00,424.7,274.3,64.71,72,103,0.8355,10.5,0.8987
2026-01-12,19,09:30,522.8,274.1,79.62,89,128,0.8896,6.4,0.8946
2026-01-12,20,10:00,599.7,274.3,91.4,102,146,0.9088,5.1,0.8961
2026-01-12,21,10:30,646.0,273.7,98.22,110,158,0.9277,4.0,0.8929
2026-01-12,22,11:00,664.6,273.1,100.82,113,162,0.9331,3.7,0.8922
2026-01-12,23,11:30,656.0,273.9,99.84,111,159,0.914,4.8,0.8995
2026-01-12,24,12:00,633.0,274.2,96.41,108,155,0.9254,4.1,0.8927
2026-01-12,25,12:30,611.3,273.4,92.85,104,149,0.9198,4.4,0.8928
2026-01-12,26,13:00,595.5,273.9,90.61,101,145,0.9048,5.4,0.8971
2026-01-12,27,13:30,598.9,273.9,91.13,102,146,0.9153,4.7,0.8934
2026-01-12,28,14:00,623.0,274.5,95.02,106,152,0.9142,4.8,0.8964
2026-01-12,29,14:30,662.9,273.4,100.69,112,160,0.9166,4.6,0.899
2026-01-12,30,15:00,713.0,273.7,108.43,121,173,0.9342,3.6,0.8961
2026-01-12,31,15:30,759.3,274.7,115.89,129,185,0.9378,3.4,0.8984
2026-01-12,32,16:00,793.4,274.2,120.86,135,193,0.9493,2.8,0.8952
2026-01-12,33,16:30,801.2,273.9,121.91,136,195,0.9483,2.8,0.8964
2026-01-12,34,17:00,773.0,274.5,117.9,132,189,0.9502,2.7,0.8932
2026-01-12,35,17:30,713.9,273.6,108.53,121,173,0.9326,3.7,0.8969
2026-01-12,36,18:00,626.2,274.0,95.33,106,152,0.907,5.2,0.8994
2026-01-12,37,18:30,523.5,274.7,79.88,89,128,0.8812,7.0,0.8976
2026-01-12,38,19:00,416.5,273.9,63.38,71,102,0.8522,9.3,0.8927
2026-01-12,39,19:30,313.8,274.5,47.86,54,78,0.8138,13.0,0.8863
2026-01-12,40,20:00,226.8,273.1,34.41,40,58,0.8237,13.0,0.8602
2026-01-12,41,20:30,154.7,273.9,23.54,29,42,0.863,10.2,0.8116
2026-01-12,42,21:00,101.5,272.6,15.37,20,29,0.863,11.3,0.7686
2026-01-12,43,21:30,64.3,275.5,9.85,14,20,0.8829,10.5,0.7032
2026-01-12,44,22:00,39.1,275.0,5.97,9,13,0.8461,17.4,0.6636
2026-01-12,45,22:30,24.4,272.8,3.69,6,9,0.8185,25.4,0.6152
2026-01-12,46,23:00,14.9,270.9,2.24,5,8,0.9267,8.8,0.4487
2026-01-12,47,23:30,9.7,275.2,1.49,4,6,0.9395,8.0,0.3718
2026-01-13,0,00:00,4.3,268.6,0.64,2,3,0.8602,30.5,0.3195
2026-01-13,1,00:30,4.1,279.7,0.63,2,3,0.863,30.9,0.3153
2026-01-13,2,01:00,4.2,277.3,0.64,2,3,0.858,32.0,0.3217
2026-01-13,3,01:30,4.2,271.8,0.63,2,3,0.8618,30.4,0.3172
2026-01-13,4,02:00,4.4,274.1,0.67,2,3,0.8481,34.4,0.3341
2026-01-13,5,02:30,4.4,275.2,0.67,2,3,0.8461,35.2,0.3365
2026-01-13,6,03:00,4.3,270.8,0.64,2,3,0.8598,30.9,0.3199
2026-01-13,7,03:30,4.4,270.5,0.67,2,3,0.8492,33.7,0.333
2026-01-13,8,04:00,5.0,271.3,0.75,2,3,0.813,44.5,0.3755
2026-01-13,9,04:30,6.1,275.8,0.94,3,5,0.9328,10.5,0.3134
2026-01-13,10,05:00,8.9,275.9,1.37,3,5,0.8285,32.7,0.4571
2026-01-13,11,05:30,15.2,268.9,2.27,5,8,0.923,9.3,0.4549
2026-01-13,12,06:00,27.0,278.1,4.18,7,10,0.8684,15.9,0.5965
2026-01-13,13,06:30,46.7,273.1,7.09,10,15,0.8099,22.1,0.7087
2026-01-13,14,07:00,81.3,274.6,12.4,16,23,0.8063,19.2,0.7752
2026-01-13,15,07:30,130.6,273.2,19.82,25,36,0.8671,10.2,0.7928
2026-01-13,16,08:00,199.4,273.2,30.26,36,52,0.8482,11.0,0.8407
2026-01-13,17,08:30,280.6,273.9,42.7,49,70,0.8367,11.2,0.8714
2026-01-13,18,09:00,366.5,274.3,55.85,63,90,0.8463,9.9,0.8865
2026-01-13,19,09:30,451.2,274.1,68.71,77,110,0.8689,7.9,0.8924
2026-01-13,20,10:00,517.6,274.3,78.88,88,126,0.8825,6.9,0.8964
2026-01-13,21,10:30,557.5,273.7,84.77,95,136,0.9067,5.3,0.8923
2026-01-13,22,11:00,573.6,273.1,87.01,97,139,0.8985,5.8,0.897
2026-01-13,23,11:30,566.2,273.9,86.17,96,138,0.8949,6.0,0.8976
2026-01-13,24,12:00,546.3,274.2,83.21,93,133,0.897,5.9,0.8947
2026-01-13,25,12:30,527.6,273.4,80.13,90,129,0.9025,5.6,0.8904
2026-01-13,26,13:00,513.9,273.9,78.2,87,125,0.8734,7.5,0.8988
2026-01-13,27,13:30,516.9,273.9,78.65,88,126,0.89,6.4,0.8937
2026-01-13,28,14:00,537.6,274.5,82.0,92,132,0.9035,5.5,0.8913
2026-01-13,29,14:30,572.1,273.4,86.9,97,139,0.9013,5.6,0.8959
2026-01-13,30,15:00,615.3,273.7,93.58,104,149,0.9027,5.5,0.8998
2026-01-13,31,15:30,655.3,274.7,100.02,112,160,0.9297,3.9,0.893
2026-01-13,32,16:00,684.7,274.2,104.31,116,166,0.9214,4.3,0.8992
2026-01-13,33,16:30,691.5,273.9,105.21,117,168,0.9226,4.3,0.8992
2026-01-13,34,17:00,667.1,274.5,101.75,114,163,0.9331,3.7,0.8926
2026-01-13,35,17:30,616.1,273.6,93.66,105,150,0.9229,4.3,0.892
2026-01-13,36,18:00,540.4,274.0,82.28,92,132,0.8962,5.9,0.8943
2026-01-13,37,18:30,451.8,274.7,68.94,77,110,0.8599,8.6,0.8954
2026-01-13,38,19:00,359.4,273.9,54.7,61,88,0.8063,13.3,0.8967
2026-01-13,39,19:30,270.8,274.5,41.3,47,68,0.8063,14.1,0.8788
2026-01-13,40,20:00,195.7,273.1,29.7,35,50,0.8245,13.3,0.8485
2026-01-13,41,20:30,133.5,273.9,20.31,25,36,0.8317,13.8,0.8125
2026-01-13,42,21:00,87.6,272.6,13.27,17,25,0.8105,18.2,0.7804
2026-01-13,43,21:30,55.5,275.5,8.5,12,18,0.8481,15.4,0.7081
2026-01-13,44,22:00,33.7,275.0,5.15,8,12,0.8448,18.4,0.6443
2026-01-13,45,22:30,21.0,272.8,3.19,6,9,0.8983,12.1,0.5309
2026-01-13,46,23:00,12.9,270.9,1.94,4,6,0.8638,20.8,0.484
2026-01-13,47,23:30,8.4,275.2,1.28,3,5,0.854,26.5,0.4278
2026-01-14,0,00:00,4.1,268.6,0.62,2,3,0.8686,28.3,0.3088
2026-01-14,1,00:30,3.9,279.7,0.61,2,3,0.8711,28.6,0.3047
2026-01-14,2,01:00,4.0,277.3,0.62,2,3,0.8664,29.7,0.311
2026-01-14,3,01:30,4.1,271.8,0.61,2,3,0.8701,28.2,0.3066
2026-01-14,4,02:00,4.2,274.1,0.65,2,3,0.8572,31.9,0.3229
2026-01-14,5,02:30,4.3,275.2,0.65,2,3,0.8552,32.6,0.3253
2026-01-14,6,03:00,4.1,270.8,0.62,2,3,0.8681,28.6,0.3092
2026-01-14,7,03:30,4.3,270.5,0.64,2,3,0.8582,31.3,0.3219
2026-01-14,8,04:00,4.8,271.3,0.73,2,3,0.8241,41.1,0.3629
2026-01-14,9,04:30,5.9,275.8,0.91,3,5,0.9384,9.5,0.3029
2026-01-14,10,05:00,8.6,275.9,1.33,3,5,0.8421,29.4,0.4418
2026-01-14,11,05:30,14.7,268.9,2.2,4,6,0.802,33.8,0.5496
2026-01-14,12,06:00,26.1,278.1,4.04,7,10,0.8867,13.2,0.5765
2026-01-14,13,06:30,45.1,273.1,6.85,10,15,0.8415,17.3,0.685
2026-01-14,14,07:00,78.6,274.6,11.99,16,23,0.8482,13.9,0.7492
2026-01-14,15,07:30,126.2,273.2,19.16,24,35,0.8501,12.1,0.7982
2026-01-14,16,08:00,192.7,273.2,29.25,35,50,0.853,10.6,0.8358
2026-01-14,17,08:30,271.2,273.9,41.27,47,68,0.8086,13.9,0.8781
2026-01-14,18,09:00,354.3,274.3,53.98,61,88,0.8442,10.2,0.8849
2026-01-14,19,09:30,436.1,274.1,66.42,74,106,0.8453,9.7,0.8975
2026-01-14,20,10:00,500.3,274.3,76.25,85,122,0.8743,7.5,0.897
2026-01-14,21,10:30,538.8,273.7,81.93,92,132,0.9056,5.4,0.8906
2026-01-14,22,11:00,554.4,273.1,84.1,94,135,0.8993,5.7,0.8947
2026-01-14,23,11:30,547.2,273.9,83.29,93,133,0.8948,6.0,0.8956
2026-01-14,24,12:00,528.0,274.2,80.42,90,129,0.8942,6.1,0.8936
2026-01-14,25,12:30,509.9,273.4,77.45,87,125,0.8971,5.9,0.8903
2026-01-14,26,13:00,496.7,273.9,75.58,84,121,0.8637,8.2,0.8998
2026-01-14,27,13:30,499.6,273.9,76.02,85,122,0.8822,6.9,0.8943
2026-01-14,28,14:00,519.7,274.5,79.26,89,128,0.8999,5.7,0.8906
2026-01-14,29,14:30,552.9,273.4,84.0,94,135,0.9019,5.6,0.8936
2026-01-14,30,15:00,594.7,273.7,90.45,101,145,0.9087,5.1,0.8955
2026-01-14,31,15:30,633.4,274.7,96.67,108,155,0.9199,4.4,0.8951
2026-01-14,32,16:00,661.8,274.2,100.82,113,162,0.9328,3.7,0.8922
2026-01-14,33,16:30,668.4,273.9,101.69,113,162,0.9158,4.7,0.8999
2026-01-14,34,17:00,644.8,274.5,98.35,110,158,0.9249,4.1,0.8941
2026-01-14,35,17:30,595.5,273.6,90.53,101,145,0.9068,5.2,0.8963
2026-01-14,36,18:00,522.4,274.0,79.52,89,128,0.8925,6.2,0.8935
2026-01-14,37,18:30,436.7,274.7,66.64,75,108,0.8747,7.6,0.8885
2026-01-14,38,19:00,347.4,273.9,52.87,59,85,0.801,13.9,0.8961
2026-01-14,39,19:30,261.8,274.5,39.92,46,66,0.8328,11.8,0.8679
2026-01-14,40,20:00,189.2,273.1,28.7,34,49,0.8284,13.0,0.8442
2026-01-14,41,20:30,129.0,273.9,19.63,24,35,0.8118,16.2,0.818
2026-01-14,42,21:00,84.7,272.6,12.82,17,25,0.853,13.0,0.7543
2026-01-14,43,21:30,53.7,275.5,8.21,12,18,0.8768,11.8,0.6844
2026-01-14,44,22:00,32.6,275.0,4.98,8,12,0.8678,15.0,0.6227
2026-01-14,45,22:30,20.3,272.8,3.08,6,9,0.9115,10.2,0.5132
2026-01-14,46,23:00,12.4,270.9,1.87,4,6,0.8771,18.3,0.4679
2026-01-14,47,23:30,8.1,275.2,1.24,3,5,0.8656,23.9,0.4135
2026-01-15,0,00:00,4.1,268.6,0.61,2,3,0.872,27.4,0.3043
2026-01-15,1,00:30,3.9,279.7,0.6,2,3,0.8745,27.7,0.3003
2026-01-15,2,01:00,4.0,277.3,0.61,2,3,0.8699,28.7,0.3064
2026-01-15,3,01:30,4.0,271.8,0.6,2,3,0.8735,27.3,0.3022
2026-01-15,4,02:00,4.2,274.1,0.64,2,3,0.8609,30.9,0.3182
2026-01-15,5,02:30,4.2,275.2,0.64,2,3,0.859,31.5,0.3206
2026-01-15,6,03:00,4.0,270.8,0.61,2,3,0.8716,27.7,0.3047
2026-01-15,7,03:30,4.2,270.5,0.63,2,3,0.8619,30.3,0.3172
2026-01-15,8,04:00,4.7,271.3,0.72,2,3,0.8286,39.8,0.3576
2026-01-15,9,04:30,5.8,275.8,0.9,3,5,0.9406,9.1,0.2985
2026-01-15,10,05:00,8.5,275.9,1.31,3,5,0.8476,28.1,0.4354
2026-01-15,11,05:30,14.5,268.9,2.17,4,6,0.8103,31.9,0.5417
2026-01-15,12,06:00,25.7,278.1,3.98,7,10,0.8938,12.1,0.5682
2026-01-15,13,06:30,44.5,273.1,6.75,10,15,0.8536,15.6,0.6751
2026-01-15,14,07:00,77.4,274.6,11.81,16,23,0.8636,12.1,0.7384
2026-01-15,15,07:30,124.4,273.2,18.88,24,35,0.8694,10.1,0.7866
2026-01-15,16,08:00,189.9,273.2,28.83,34,49,0.8199,13.9,0.8478
2026-01-15,17,08:30,267.3,273.9,40.67,47,68,0.844,10.7,0.8654
2026-01-15,18,09:00,349.1,274.3,53.19,60,86,0.8357,10.9,0.8866
2026-01-15,19,09:30,429.8,274.1,65.45,73,105,0.8454,9.7,0.8966
2026-01-15,20,10:00,493.0,274.3,75.14,84,121,0.8793,7.1,0.8945
2026-01-15,21,10:30,531.0,273.7,80.74,90,129,0.8847,6.7,0.8971
2026-01-15,22,11:00,546.3,273.1,82.88,93,133,0.9062,5.3,0.8911
2026-01-15,23,11:30,539.3,273.9,82.08,92,132,0.9017,5.6,0.8921
2026-01-15,24,12:00,520.3,274.2,79.26,89,128,0.9001,5.7,0.8905
2026-01-15,25,12:30,502.5,273.4,76.33,85,122,0.8717,7.6,0.898
2026-01-15,26,13:00,489.5,273.9,74.49,83,119,0.8687,7.9,0.8974
2026-01-15,27,13:30,492.3,273.9,74.91,84,121,0.8868,6.6,0.8918
2026-01-15,28,14:00,512.1,274.5,78.11,87,125,0.8763,7.3,0.8978
2026-01-15,29,14:30,544.9,273.4,82.78,92,132,0.8814,6.9,0.8997
2026-01-15,30,15:00,586.1,273.7,89.14,100,143,0.917,4.6,0.8914
2026-01-15,31,15:30,624.2,274.7,95.27,106,152,0.9082,5.1,0.8988
2026-01-15,32,16:00,652.2,274.2,99.35,111,159,0.9242,4.2,0.8951
2026-01-15,33,16:30,658.7,273.9,100.22,112,160,0.9262,4.1,0.8948
2026-01-15,34,17:00,635.5,274.5,96.92,108,155,0.9146,4.7,0.8974
2026-01-15,35,17:30,586.9,273.6,89.22,100,143,0.9152,4.7,0.8922
2026-01-15,36,18:00,514.8,274.0,78.37,88,126,0.8982,5.9,0.8905
2026-01-15,37,18:30,430.3,274.7,65.67,73,105,0.8354,10.5,0.8996
2026-01-15,38,19:00,342.3,273.9,52.1,59,85,0.8427,10.3,0.8831
2026-01-15,39,19:30,258.0,274.5,39.34,45,65,0.8102,13.9,0.8743
2026-01-15,40,20:00,186.4,273.1,28.29,34,49,0.8551,10.5,0.832
2026-01-15,41,20:30,127.1,273.9,19.35,24,35,0.8355,13.6,0.8061
2026-01-15,42,21:00,83.4,272.6,12.64,17,25,0.8685,11.3,0.7433
2026-01-15,43,21:30,52.9,275.5,8.09,12,18,0.8875,10.5,0.6745
2026-01-15,44,22:00,32.1,275.0,4.91,8,12,0.8767,13.7,0.6137
2026-01-15,45,22:30,20.0,272.8,3.03,6,9,0.9166,9.5,0.5057
2026-01-15,46,23:00,12.3,270.9,1.84,4,6,0.8824,17.3,0.4611
2026-01-15,47,23:30,8.0,275.2,1.22,3,5,0.8703,22.8,0.4075
2026-01-16,0,00:00,3.8,268.6,0.56,2,3,0.8883,23.2,0.2822
2026-01-16,1,00:30,3.6,279.7,0.56,2,3,0.8905,23.5,0.2785
2026-01-16,2,01:00,3.7,277.3,0.57,2,3,0.8865,24.4,0.2842
2026-01-16,3,01:30,3.7,271.8,0.56,2,3,0.8896,23.2,0.2803
2026-01-16,4,02:00,3.9,274.1,0.59,2,3,0.8786,26.2,0.2952
2026-01-16,5,02:30,3.9,275.2,0.59,2,3,0.8769,26.7,0.2973
2026-01-16,6,03:00,3.8,270.8,0.57,2,3,0.888,23.5,0.2826
2026-01-16,7,03:30,3.9,270.5,0.59,2,3,0.8795,25.6,0.2942
2026-01-16,8,04:00,4.4,271.3,0.66,2,3,0.8502,33.5,0.3317
2026-01-16,9,04:30,5.4,275.8,0.83,3,5,0.9511,7.3,0.2769
2026-01-16,10,05:00,7.9,275.9,1.21,3,5,0.8731,22.3,0.4038
2026-01-16,11,05:30,13.5,268.9,2.01,4,6,0.848,23.8,0.5024
2026-01-16,12,06:00,23.9,278.1,3.69,6,9,0.8183,25.8,0.6148
2026-01-16,13,06:30,41.3,273.1,6.26,9,13,0.8053,23.7,0.6957
2026-01-16,14,07:00,71.8,274.6,10.96,15,22,0.862,12.6,0.7305
2026-01-16,15,07:30,115.4,273.2,17.51,22,32,0.8366,13.8,0.796
2026-01-16,16,08:00,176.2,273.2,26.74,32,46,0.8353,12.6,0.8356
2026-01-16,17,08:30,247.9,273.9,37.73,44,63,0.8503,10.3,0.8574
2026-01-16,18,09:00,323.8,274.3,49.34,56,80,0.8376,10.9,0.8811
2026-01-16,19,09:30,398.6,274.1,60.71,68,98,0.8429,10.1,0.8928
2026-01-16,20,10:00,457.3,274.3,69.69,78,112,0.8681,8.0,0.8935
2026-01-16,21,10:30,492.5,273.7,74.89,84,121,0.8875,6.6,0.8916
2026-01-16,22,11:00,506.7,273.1,76.87,86,123,0.8858,6.7,0.8938
2026-01-16,23,11:30,500.2,273.9,76.13,85,122,0.8784,7.2,0.8956
2026-01-16,24,12:00,482.6,274.2,73.51,82,118,0.869,7.9,0.8965
2026-01-16,25,12:30,466.1,273.4,70.8,79,113,0.863,8.3,0.8962
2026-01-16,26,13:00,454.0,273.9,69.09,77,110,0.8544,9.0,0.8972
2026-01-16,27,13:30,456.7,273.9,69.48,78,112,0.8759,7.4,0.8908
2026-01-16,28,14:00,475.0,274.5,72.45,81,116,0.8726,7.6,0.8944
2026-01-16,29,14:30,505.4,273.4,76.78,86,123,0.8886,6.5,0.8928
2026-01-16,30,15:00,543.6,273.7,82.68,92,132,0.8844,6.7,0.8987
2026-01-16,31,15:30,579.0,274.7,88.37,99,142,0.9124,4.9,0.8926
2026-01-16,32,16:00,604.9,274.2,92.15,103,148,0.9138,4.8,0.8947
2026-01-16,33,16:30,610.9,273.9,92.95,104,149,0.9175,4.6,0.8938
2026-01-16,34,17:00,589.4,274.5,89.9,100,143,0.898,5.8,0.899
2026-01-16,35,17:30,544.3,273.6,82.75,92,132,0.8822,6.9,0.8995
2026-01-16,36,18:00,477.5,274.0,72.69,81,116,0.864,8.2,0.8974
2026-01-16,37,18:30,399.1,274.7,60.91,68,98,0.8331,10.8,0.8958
2026-01-16,38,19:00,317.5,273.9,48.33,55,79,0.8409,10.6,0.8786
2026-01-16,39,19:30,239.3,274.5,36.49,42,61,0.8106,14.1,0.8689
2026-01-16,40,20:00,172.9,273.1,26.24,31,45,0.8034,16.0,0.8464
2026-01-16,41,20:30,117.9,273.9,17.95,23,33,0.8713,10.1,0.7802
2026-01-16,42,21:00,77.4,272.6,11.72,16,23,0.8716,11.2,0.7326
2026-01-16,43,21:30,49.0,275.5,7.51,11,16,0.8629,13.9,0.6825
2026-01-16,44,22:00,29.8,275.0,4.55,7,10,0.8096,25.6,0.6505
2026-01-16,45,22:30,18.6,272.8,2.81,5,8,0.8358,24.1,0.5629
2026-01-16,46,23:00,11.4,270.9,1.71,4,6,0.9065,13.1,0.4277
2026-01-16,47,23:30,7.4,275.2,1.13,3,5,0.8923,18.2,0.378
2026-01-17,0,00:00,2.8,268.6,0.42,2,3,0.9351,12.4,0.2102
2026-01-17,1,00:30,2.7,279.7,0.41,2,3,0.9364,12.6,0.2074
2026-01-17,2,01:00,2.7,277.3,0.42,2,3,0.934,13.0,0.2116
2026-01-17,3,01:30,2.8,271.8,0.42,2,3,0.9359,12.4,0.2087
2026-01-17,4,02:00,2.9,274.1,0.44,2,3,0.9293,13.9,0.2198
2026-01-17,5,02:30,2.9,275.2,0.44,2,3,0.9283,14.2,0.2214
2026-01-17,6,03:00,2.8,270.8,0.42,2,3,0.9349,12.5,0.2104
2026-01-17,7,03:30,2.9,270.5,0.44,2,3,0.9299,13.6,0.2191
2026-01-17,8,04:00,3.3,271.3,0.49,2,3,0.9124,17.6,0.247
2026-01-17,9,04:30,4.0,275.8,0.62,2,3,0.8679,29.2,0.3092
2026-01-17,10,05:00,5.9,275.9,0.9,3,5,0.9395,9.3,0.3007
2026-01-17,11,05:30,10.0,268.9,1.5,4,6,0.9386,8.0,0.3741
2026-01-17,12,06:00,17.8,278.1,2.75,5,8,0.8486,22.0,0.5493
2026-01-17,13,06:30,30.7,273.1,4.66,8,12,0.9042,10.0,0.5828
2026-01-17,14,07:00,53.5,274.6,8.16,12,18,0.8818,11.2,0.6799
2026-01-17,15,07:30,85.9,273.2,13.04,17,25,0.8333,15.4,0.767
2026-01-17,16,08:00,131.2,273.2,19.91,25,36,0.8613,10.8,0.7963
2026-01-17,17,08:30,184.6,273.9,28.09,33,48,0.8049,15.6,0.8512
2026-01-17,18,09:00,241.1,274.3,36.74,43,62,0.8528,10.2,0.8543
2026-01-17,19,09:30,296.8,274.1,45.2,51,73,0.8011,14.4,0.8863
2026-01-17,20,10:00,340.5,274.3,51.89,58,83,0.8019,13.9,0.8947
2026-01-17,21,10:30,366.7,273.7,55.76,62,89,0.8004,13.8,0.8994
2026-01-17,22,11:00,377.3,273.1,57.24,64,92,0.8254,11.6,0.8943
2026-01-17,23,11:30,372.4,273.9,56.68,63,90,0.8027,13.6,0.8997
2026-01-17,24,12:00,359.4,274.2,54.74,61,88,0.8041,13.5,0.8973
2026-01-17,25,12:30,347.0,273.4,52.71,59,85,0.8102,13.1,0.8935
2026-01-17,26,13:00,338.1,273.9,51.44,58,83,0.8276,11.6,0.8869
2026-01-17,27,13:30,340.0,273.9,51.74,58,83,0.8112,13.0,0.892
2026-01-17,28,14:00,353.7,274.5,53.94,61,88,0.8458,10.0,0.8843
2026-01-17,29,14:30,376.3,273.4,57.17,64,92,0.8288,11.3,0.8932
2026-01-17,30,15:00,404.8,273.7,61.56,69,99,0.8479,9.6,0.8922
2026-01-17,31,15:30,431.1,274.7,65.8,74,106,0.8704,7.9,0.8891
2026-01-17,32,16:00,450.4,274.2,68.61,77,110,0.8726,7.7,0.8911
2026-01-17,33,16:30,454.9,273.9,69.21,77,110,0.8493,9.4,0.8988
2026-01-17,34,17:00,438.9,274.5,66.94,75,108,0.8634,8.4,0.8925
2026-01-17,35,17:30,405.3,273.6,61.61,69,99,0.8455,9.8,0.8929
2026-01-17,36,18:00,355.5,274.0,54.12,61,88,0.8373,10.7,0.8872
2026-01-17,37,18:30,297.2,274.7,45.35,52,75,0.8468,10.3,0.8722
2026-01-17,38,19:00,236.4,273.9,35.98,42,61,0.8425,11.1,0.8567
2026-01-17,39,19:30,178.2,274.5,27.17,32,46,0.8032,15.9,0.8491
2026-01-17,40,20:00,128.8,273.1,19.54,24,35,0.8203,15.2,0.814
2026-01-17,41,20:30,87.8,273.9,13.36,17,25,0.8001,19.6,0.786
2026-01-17,42,21:00,57.6,272.6,8.73,12,18,0.8221,18.8,0.7273
2026-01-17,43,21:30,36.5,275.5,5.59,9,13,0.8905,11.3,0.6211
2026-01-17,44,22:00,22.2,275.0,3.39,6,9,0.8694,16.6,0.5651
2026-01-17,45,22:30,13.8,272.8,2.1,4,6,0.8276,28.4,0.5239
2026-01-17,46,23:00,8.5,270.9,1.27,3,5,0.857,25.5,0.4246
2026-01-17,47,23:30,5.5,275.2,0.84,3,5,0.949,7.6,0.2814
2026-01-18,0,00:00,2.7,268.6,0.4,2,3,0.9399,11.4,0.2016
2026-01-18,1,00:30,2.6,279.7,0.4,2,3,0.9411,11.5,0.1989
2026-01-18,2,01:00,2.6,277.3,0.41,2,3,0.9389,11.9,0.203
2026-01-18,3,01:30,2.7,271.8,0.4,2,3,0.9406,11.3,0.2002
2026-01-18,4,02:00,2.8,274.1,0.42,2,3,0.9346,12.8,0.2108
2026-01-18,5,02:30,2.8,275.2,0.42,2,3,0.9336,13.0,0.2124
2026-01-18,6,03:00,2.7,270.8,0.4,2,3,0.9397,11.5,0.2019
2026-01-18,7,03:30,2.8,270.5,0.42,2,3,0.9351,12.5,0.2101
2026-01-18,8,04:00,3.1,271.3,0.47,2,3,0.9189,16.1,0.2369
2026-01-18,9,04:30,3.9,275.8,0.59,2,3,0.8774,26.6,0.2966
2026-01-18,10,05:00,5.6,275.9,0.87,3,5,0.9456,8.2,0.2884
2026-01-18,11,05:30,9.6,268.9,1.44,3,5,0.8093,36.8,0.4785
2026-01-18,12,06:00,17.1,278.1,2.63,5,8,0.8689,18.3,0.527
2026-01-18,13,06:30,29.5,273.1,4.47,7,10,0.8238,22.9,0.6389
2026-01-18,14,07:00,51.3,274.6,7.83,11,16,0.826,19.0,0.7115
2026-01-18,15,07:30,82.4,273.2,12.51,17,25,0.8784,10.3,0.7357
2026-01-18,16,08:00,125.8,273.2,19.1,24,35,0.8544,11.6,0.7957
2026-01-18,17,08:30,177.1,273.9,26.95,32,46,0.8205,14.1,0.8421
2026-01-18,18,09:00,231.3,274.3,35.24,41,59,0.8304,12.3,0.8595
2026-01-18,19,09:30,284.7,274.1,43.36,50,72,0.8518,9.9,0.8672
2026-01-18,20,10:00,326.6,274.3,49.78,56,80,0.8134,12.9,0.8889
2026-01-18,21,10:30,351.8,273.7,53.49,60,86,0.8203,12.2,0.8915
2026-01-18,22,11:00,361.9,273.1,54.91,62,89,0.8459,10.0,0.8856
2026-01-18,23,11:30,357.3,273.9,54.38,61,88,0.8242,11.8,0.8914
2026-01-18,24,12:00,344.7,274.2,52.51,59,85,0.8216,12.1,0.89
2026-01-18,25,12:30,332.9,273.4,50.57,57,82,0.8232,12.0,0.8872
2026-01-18,26,13:00,324.3,273.9,49.35,56,80,0.8373,10.9,0.8812
2026-01-18,27,13:30,326.2,273.9,49.63,56,80,0.8221,12.2,0.8862
2026-01-18,28,14:00,339.3,274.5,51.75,58,83,0.8103,13.1,0.8922
2026-01-18,29,14:30,361.0,273.4,54.84,62,89,0.8489,9.7,0.8845
2026-01-18,30,15:00,388.3,273.7,59.05,66,95,0.8304,11.1,0.8947
2026-01-18,31,15:30,413.5,274.7,63.12,71,102,0.8628,8.5,0.889
2026-01-18,32,16:00,432.1,274.2,65.82,74,106,0.8696,7.9,0.8895
2026-01-18,33,16:30,436.4,273.9,66.39,74,106,0.8464,9.6,0.8972
2026-01-18,34,17:00,421.0,274.5,64.21,72,103,0.8573,8.9,0.8918
2026-01-18,35,17:30,388.8,273.6,59.1,66,95,0.8278,11.3,0.8955
2026-01-18,36,18:00,341.0,274.0,51.92,58,83,0.8003,14.0,0.8952
2026-01-18,37,18:30,285.1,274.7,43.51,50,72,0.8442,10.6,0.8701
2026-01-18,38,19:00,226.8,273.9,34.52,40,58,0.8164,13.7,0.8629
2026-01-18,39,19:30,170.9,274.5,26.07,31,45,0.8164,14.6,0.8408
2026-01-18,40,20:00,123.5,273.1,18.74,23,33,0.8095,16.7,0.8148
2026-01-18,41,20:30,84.2,273.9,12.82,17,25,0.8533,13.0,0.754
2026-01-18,42,21:00,55.3,272.6,8.37,12,18,0.8617,13.6,0.6977
2026-01-18,43,21:30,35.0,275.5,5.36,8,12,0.8135,23.6,0.6702
2026-01-18,44,22:00,21.3,275.0,3.25,6,9,0.8893,13.5,0.5421
2026-01-18,45,22:30,13.3,272.8,2.01,4,6,0.8475,24.2,0.5026
2026-01-18,46,23:00,8.1,270.9,1.22,3,5,0.8708,22.4,0.4073
2026-01-18,47,23:30,5.3,275.2,0.81,3,5,0.9542,6.7,0.27
2026-01-19,0,00:00,4.7,268.6,0.71,2,3,0.8316,38.5,0.3543
2026-01-19,1,00:30,4.5,279.7,0.7,2,3,0.835,39.0,0.3496
2026-01-19,2,01:00,4.6,277.3,0.71,2,3,0.829,40.4,0.3568
2026-01-19,3,01:30,4.7,271.8,0.7,2,3,0.8336,38.4,0.3518
2026-01-19,4,02:00,4.9,274.1,0.74,2,3,0.8173,43.6,0.3705
2026-01-19,5,02:30,4.9,275.2,0.75,2,3,0.8148,44.5,0.3732
2026-01-19,6,03:00,4.7,270.8,0.71,2,3,0.8311,39.0,0.3547
2026-01-19,7,03:30,4.9,270.5,0.74,2,3,0.8186,42.7,0.3693
2026-01-19,8,04:00,5.5,271.3,0.83,3,5,0.9509,7.2,0.2776
2026-01-19,9,04:30,6.8,275.8,1.04,3,5,0.9127,14.2,0.3475
2026-01-19,10,05:00,9.9,275.9,1.52,4,6,0.935,8.7,0.3802
2026-01-19,11,05:30,16.9,268.9,2.52,5,8,0.8883,14.6,0.5045
2026-01-19,12,06:00,30.0,278.1,4.63,8,12,0.907,9.8,0.5788
2026-01-19,13,06:30,51.8,273.1,7.86,11,16,0.822,19.5,0.7145
2026-01-19,14,07:00,90.2,274.6,13.75,18,26,0.8491,13.3,0.7641
2026-01-19,15,07:30,144.8,273.2,21.98,27,39,0.8445,12.2,0.8141
2026-01-19,16,08:00,221.1,273.2,33.56,39,56,0.8175,13.7,0.8605
2026-01-19,17,08:30,311.2,273.9,47.35,54,78,0.842,10.6,0.8769
2026-01-19,18,09:00,406.5,274.3,61.93,69,99,0.8304,11.0,0.8975
2026-01-19,19,09:30,500.3,274.1,76.2,85,122,0.876,7.3,0.8965
2026-01-19,20,10:00,574.0,274.3,87.48,98,140,0.9108,5.0,0.8926
2026-01-19,21,10:30,618.2,273.7,94.0,105,150,0.9156,4.7,0.8953
2026-01-19,22,11:00,636.0,273.1,96.49,108,155,0.9242,4.2,0.8934
2026-01-19,23,11:30,627.9,273.9,95.56,107,153,0.9233,4.2,0.893
2026-01-19,24,12:00,605.8,274.2,92.27,103,148,0.9111,5.0,0.8958
2026-01-19,25,12:30,585.0,273.4,88.86,99,142,0.9003,5.6,0.8976
2026-01-19,26,13:00,569.9,273.9,86.72,97,139,0.9059,5.3,0.894
2026-01-19,27,13:30,573.2,273.9,87.21,97,139,0.8926,6.1,0.8991
2026-01-19,28,14:00,596.2,274.5,90.94,102,146,0.9194,4.5,0.8915
2026-01-19,29,14:30,634.4,273.4,96.37,108,155,0.9264,4.1,0.8923
2026-01-19,30,15:00,682.4,273.7,103.77,116,166,0.9316,3.7,0.8946
2026-01-19,31,15:30,726.7,274.7,110.92,124,178,0.9404,3.2,0.8945
2026-01-19,32,16:00,759.3,274.2,115.67,129,185,0.9414,3.2,0.8966
2026-01-19,33,16:30,766.8,273.9,116.67,130,186,0.9408,3.2,0.8975
2026-01-19,34,17:00,739.8,274.5,112.84,126,180,0.9404,3.2,0.8955
2026-01-19,35,17:30,683.2,273.6,103.87,116,166,0.9299,3.8,0.8954
2026-01-19,36,18:00,599.3,274.0,91.24,102,146,0.9128,4.9,0.8945
2026-01-19,37,18:30,501.0,274.7,76.45,85,122,0.8668,8.0,0.8995
2026-01-19,38,19:00,398.6,273.9,60.66,68,98,0.8453,9.9,0.892
2026-01-19,39,19:30,300.4,274.5,45.8,52,75,0.8224,12.4,0.8808
2026-01-19,40,20:00,217.0,273.1,32.93,39,56,0.856,10.1,0.8444
2026-01-19,41,20:30,148.0,273.9,22.52,27,39,0.8017,16.8,0.8342
2026-01-19,42,21:00,97.1,272.6,14.71,19,28,0.8441,13.6,0.7743
2026-01-19,43,21:30,61.6,275.5,9.42,13,19,0.8416,15.8,0.7248
2026-01-19,44,22:00,37.4,275.0,5.72,9,13,0.877,13.1,0.6351
2026-01-19,45,22:30,23.3,272.8,3.53,6,9,0.8468,20.3,0.5888
2026-01-19,46,23:00,14.3,270.9,2.15,4,6,0.815,31.0,0.5368
2026-01-19,47,23:30,9.3,275.2,1.42,3,5,0.8126,36.7,0.4744
2026-01-20,0,00:00,4.3,268.6,0.64,2,3,0.8596,30.7,0.3202
2026-01-20,1,00:30,4.1,279.7,0.63,2,3,0.8624,31.0,0.316
2026-01-20,2,01:00,4.2,277.3,0.64,2,3,0.8574,32.2,0.3225
2026-01-20,3,01:30,4.2,271.8,0.64,2,3,0.8612,30.6,0.318
2026-01-20,4,02:00,4.4,274.1,0.67,2,3,0.8475,34.6,0.3349
2026-01-20,5,02:30,4.4,275.2,0.67,2,3,0.8454,35.3,0.3374
2026-01-20,6,03:00,4.3,270.8,0.64,2,3,0.8592,31.0,0.3207
2026-01-20,7,03:30,4.4,270.5,0.67,2,3,0.8486,33.9,0.3338
2026-01-20,8,04:00,5.0,271.3,0.75,2,3,0.8122,44.8,0.3764
2026-01-20,9,04:30,6.1,275.8,0.94,3,5,0.9324,10.5,0.3141
2026-01-20,10,05:00,9.0,275.9,1.37,3,5,0.8275,32.9,0.4582
2026-01-20,11,05:30,15.3,268.9,2.28,5,8,0.9223,9.4,0.456
2026-01-20,12,06:00,27.1,278.1,4.19,7,10,0.867,16.1,0.5979
2026-01-20,13,06:30,46.8,273.1,7.1,10,15,0.8074,22.5,0.7105
2026-01-20,14,07:00,81.5,274.6,12.43,16,23,0.8029,19.7,0.7771
2026-01-20,15,07:30,130.9,273.2,19.87,25,36,0.8639,10.5,0.7948
2026-01-20,16,08:00,199.9,273.2,30.34,36,52,0.8437,11.4,0.8427
2026-01-20,17,08:30,281.3,273.9,42.8,49,70,0.8309,11.8,0.8736
2026-01-20,18,09:00,367.4,274.3,55.98,63,90,0.8398,10.4,0.8886
2026-01-20,19,09:30,452.3,274.1,68.88,77,110,0.8625,8.4,0.8946
2026-01-20,20,10:00,518.8,274.3,79.08,88,126,0.8762,7.3,0.8986
2026-01-20,21,10:30,558.8,273.7,84.97,95,136,0.9014,5.6,0.8945
2026-01-20,22,11:00,575.0,273.1,87.22,97,139,0.8927,6.1,0.8992
2026-01-20,23,11:30,567.6,273.9,86.38,96,138,0.8889,6.4,0.8998
2026-01-20,24,12:00,547.6,274.2,83.41,93,133,0.8912,6.3,0.8969
2026-01-20,25,12:30,528.8,273.4,80.33,90,129,0.8972,5.9,0.8925
2026-01-20,26,13:00,515.2,273.9,78.39,88,126,0.8976,5.9,0.8908
2026-01-20,27,13:30,518.1,273.9,78.84,88,126,0.8841,6.8,0.8959
2026-01-20,28,14:00,539.0,274.5,82.2,92,132,0.8981,5.8,0.8935
2026-01-20,29,14:30,573.5,273.4,87.11,97,139,0.8955,6.0,0.8981
2026-01-20,30,15:00,616.8,273.7,93.81,105,150,0.9198,4.4,0.8934
2026-01-20,31,15:30,656.9,274.7,100.26,112,160,0.9251,4.1,0.8952
2026-01-20,32,16:00,686.4,274.2,104.56,117,168,0.9345,3.6,0.8937
2026-01-20,33,16:30,693.2,273.9,105.47,118,169,0.9355,3.5,0.8938
2026-01-20,34,17:00,668.8,274.5,102.0,114,163,0.9286,3.9,0.8948
2026-01-20,35,17:30,617.6,273.6,93.89,105,150,0.9181,4.5,0.8942
2026-01-20,36,18:00,541.8,274.0,82.47,92,132,0.8905,6.3,0.8965
2026-01-20,37,18:30,452.9,274.7,69.11,77,110,0.8532,9.1,0.8976
2026-01-20,38,19:00,360.3,273.9,54.83,62,89,0.8492,9.7,0.8844
2026-01-20,39,19:30,271.5,274.5,41.41,48,69,0.855,9.8,0.8626
2026-01-20,40,20:00,196.2,273.1,29.77,35,50,0.8195,13.8,0.8506
2026-01-20,41,20:30,133.8,273.9,20.36,25,36,0.8278,14.3,0.8144
2026-01-20,42,21:00,87.8,272.6,13.3,17,25,0.8071,18.6,0.7823
2026-01-20,43,21:30,55.7,275.5,8.52,12,18,0.8459,15.7,0.7098
2026-01-20,44,22:00,33.8,275.0,5.17,8,12,0.843,18.7,0.6459
2026-01-20,45,22:30,21.1,272.8,3.19,6,9,0.8973,12.3,0.5322
2026-01-20,46,23:00,12.9,270.9,1.94,4,6,0.8628,21.0,0.4852
2026-01-20,47,23:30,8.4,275.2,1.29,3,5,0.8531,26.7,0.4289
2026-01-21,0,00:00,4.1,268.6,0.62,2,3,0.8679,28.5,0.3096
2026-01-21,1,00:30,3.9,279.7,0.61,2,3,0.8705,28.8,0.3055
2026-01-21,2,01:00,4.0,277.3,0.62,2,3,0.8658,29.9,0.3118
2026-01-21,3,01:30,4.1,271.8,0.61,2,3,0.8694,28.4,0.3074
2026-01-21,4,02:00,4.3,274.1,0.65,2,3,0.8565,32.1,0.3238
2026-01-21,5,02:30,4.3,275.2,0.65,2,3,0.8546,32.8,0.3261
2026-01-21,6,03:00,4.1,270.8,0.62,2,3,0.8675,28.8,0.31
2026-01-21,7,03:30,4.3,270.5,0.65,2,3,0.8576,31.4,0.3227
2026-01-21,8,04:00,4.8,271.3,0.73,2,3,0.8232,41.4,0.3639
2026-01-21,9,04:30,5.9,275.8,0.91,3,5,0.938,9.5,0.3037
2026-01-21,10,05:00,8.7,275.9,1.33,3,5,0.8411,29.6,0.443
2026-01-21,11,05:30,14.8,268.9,2.2,4,6,0.8005,34.1,0.5511
2026-01-21,12,06:00,26.2,278.1,4.05,7,10,0.8854,13.3,0.578
2026-01-21,13,06:30,45.3,273.1,6.87,10,15,0.8393,17.6,0.6868
2026-01-21,14,07:00,78.8,274.6,12.02,16,23,0.8454,14.3,0.7512
2026-01-21,15,07:30,126.6,273.2,19.21,24,35,0.8464,12.4,0.8003
2026-01-21,16,08:00,193.2,273.2,29.33,35,50,0.8485,11.1,0.8379
2026-01-21,17,08:30,271.9,273.9,41.38,47,68,0.8016,14.6,0.8804
2026-01-21,18,09:00,355.2,274.3,54.12,61,88,0.8374,10.7,0.8872
2026-01-21,19,09:30,437.2,274.1,66.59,74,106,0.8376,10.3,0.8998
2026-01-21,20,10:00,501.6,274.3,76.44,85,122,0.8673,7.9,0.8993
2026-01-21,21,10:30,540.2,273.7,82.14,92,132,0.9,5.7,0.8929
2026-01-21,22,11:00,555.8,273.1,84.32,94,135,0.8932,6.1,0.897
2026-01-21,23,11:30,548.7,273.9,83.5,93,133,0.8885,6.4,0.8979
2026-01-21,24,12:00,529.4,274.2,80.63,90,129,0.888,6.5,0.8959
2026-01-21,25,12:30,511.2,273.4,77.65,87,125,0.8912,6.3,0.8926
2026-01-21,26,13:00,498.0,273.9,75.78,85,122,0.8897,6.4,0.8915
2026-01-21,27,13:30,500.9,273.9,76.21,85,122,0.8756,7.4,0.8966
2026-01-21,28,14:00,521.0,274.5,79.47,89,128,0.8941,6.1,0.8929
2026-01-21,29,14:30,554.4,273.4,84.21,94,135,0.896,5.9,0.8959
2026-01-21,30,15:00,596.3,273.7,90.68,101,145,0.9029,5.5,0.8979
2026-01-21,31,15:30,635.0,274.7,96.92,108,155,0.9145,4.8,0.8975
2026-01-21,32,16:00,663.5,274.2,101.08,113,162,0.928,3.9,0.8945
2026-01-21,33,16:30,670.1,273.9,101.96,114,163,0.9297,3.9,0.8943
2026-01-21,34,17:00,646.5,274.5,98.61,110,158,0.9198,4.4,0.8964
2026-01-21,35,17:30,597.1,273.6,90.76,101,145,0.9009,5.6,0.8987
2026-01-21,36,18:00,523.7,274.0,79.73,89,128,0.8863,6.6,0.8958
2026-01-21,37,18:30,437.8,274.7,66.81,75,108,0.8682,8.0,0.8908
2026-01-21,38,19:00,348.3,273.9,53.01,60,86,0.8452,10.1,0.8834
2026-01-21,39,19:30,262.5,274.5,40.03,46,66,0.8268,12.3,0.8701
2026-01-21,40,20:00,189.7,273.1,28.78,34,49,0.8233,13.5,0.8464
2026-01-21,41,20:30,129.3,273.9,19.68,24,35,0.8073,16.8,0.8201
2026-01-21,42,21:00,84.9,272.6,12.86,17,25,0.8501,13.4,0.7563
2026-01-21,43,21:30,53.8,275.5,8.23,12,18,0.8748,12.0,0.6862
2026-01-21,44,22:00,32.7,275.0,4.99,8,12,0.8662,15.2,0.6244
2026-01-21,45,22:30,20.4,272.8,3.09,6,9,0.9105,10.4,0.5145
2026-01-21,46,23:00,12.5,270.9,1.88,4,6,0.8761,18.5,0.4691
2026-01-21,47,23:30,8.1,275.2,1.24,3,5,0.8647,24.1,0.4146
2026-01-22,0,00:00,4.1,268.6,0.61,2,3,0.8714,27.6,0.3051
2026-01-22,1,00:30,3.9,279.7,0.6,2,3,0.8739,27.9,0.3011
2026-01-22,2,01:00,4.0,277.3,0.61,2,3,0.8693,28.9,0.3072
2026-01-22,3,01:30,4.0,271.8,0.61,2,3,0.8728,27.5,0.303
2026-01-22,4,02:00,4.2,274.1,0.64,2,3,0.8602,31.1,0.3191
2026-01-22,5,02:30,4.2,275.2,0.64,2,3,0.8583,31.7,0.3214
2026-01-22,6,03:00,4.1,270.8,0.61,2,3,0.871,27.9,0.3055
2026-01-22,7,03:30,4.2,270.5,0.64,2,3,0.8613,30.4,0.318
2026-01-22,8,04:00,4.8,271.3,0.72,2,3,0.8278,40.0,0.3586
2026-01-22,9,04:30,5.9,275.8,0.9,3,5,0.9402,9.1,0.2993
2026-01-22,10,05:00,8.5,275.9,1.31,3,5,0.8466,28.3,0.4365
2026-01-22,11,05:30,14.5,268.9,2.17,4,6,0.8088,32.2,0.5431
2026-01-22,12,06:00,25.8,278.1,3.99,7,10,0.8926,12.3,0.5697
2026-01-22,13,06:30,44.6,273.1,6.77,10,15,0.8515,15.9,0.6769
2026-01-22,14,07:00,77.6,274.6,11.84,16,23,0.861,12.4,0.7403
2026-01-22,15,07:30,124.7,273.2,18.93,24,35,0.8661,10.5,0.7887
2026-01-22,16,08:00,190.4,273.2,28.9,34,49,0.8144,14.4,0.8501
2026-01-22,17,08:30,268.0,273.9,40.78,47,68,0.8381,11.2,0.8677
2026-01-22,18,09:00,350.0,274.3,53.33,60,86,0.8285,11.5,0.8889
2026-01-22,19,09:30,430.9,274.1,65.62,73,105,0.8377,10.3,0.899
2026-01-22,20,10:00,494.3,274.3,75.34,84,121,0.8725,7.6,0.8969
2026-01-22,21,10:30,532.4,273.7,80.96,90,129,0.8779,7.2,0.8995
2026-01-22,22,11:00,547.8,273.1,83.09,93,133,0.9004,5.7,0.8935
2026-01-22,23,11:30,540.7,273.9,82.29,92,132,0.8958,6.0,0.8945
2026-01-22,24,12:00,521.7,274.2,79.46,89,128,0.8942,6.1,0.8929
2026-01-22,25,12:30,503.8,273.4,76.53,86,123,0.8961,6.0,0.8899
2026-01-22,26,13:00,490.8,273.9,74.68,83,119,0.8614,8.4,0.8998
2026-01-22,27,13:30,493.6,273.9,75.11,84,121,0.8804,7.1,0.8942
2026-01-22,28,14:00,513.5,274.5,78.32,88,126,0.8995,5.8,0.8899
2026-01-22,29,14:30,546.3,273.4,82.99,93,133,0.903,5.5,0.8924
2026-01-22,30,15:00,587.6,273.7,89.37,100,143,0.9116,5.0,0.8937
2026-01-22,31,15:30,625.8,274.7,95.52,107,153,0.9239,4.2,0.8927
2026-01-22,32,16:00,653.9,274.2,99.61,111,159,0.9189,4.5,0.8974
2026-01-22,33,16:30,660.4,273.9,100.48,112,160,0.921,4.4,0.8971
2026-01-22,34,17:00,637.1,274.5,97.18,108,155,0.9088,5.1,0.8998
2026-01-22,35,17:30,588.4,273.6,89.45,100,143,0.9097,5.1,0.8945
2026-01-22,36,18:00,516.1,274.0,78.57,88,126,0.8922,6.2,0.8929
2026-01-22,37,18:30,431.5,274.7,65.84,74,106,0.8686,8.0,0.8898
2026-01-22,38,19:00,343.2,273.9,52.24,59,85,0.8359,10.9,0.8854
2026-01-22,39,19:30,258.7,274.5,39.45,45,65,0.8034,14.6,0.8766
2026-01-22,40,20:00,186.9,273.1,28.36,34,49,0.8506,10.9,0.8342
2026-01-22,41,20:30,127.5,273.9,19.4,24,35,0.8315,14.0,0.8083
2026-01-22,42,21:00,83.7,272.6,12.67,17,25,0.8659,11.6,0.7453
2026-01-22,43,21:30,53.0,275.5,8.11,12,18,0.8856,10.8,0.6762
2026-01-22,44,22:00,32.2,275.0,4.92,8,12,0.8752,14.0,0.6153
2026-01-22,45,22:30,20.1,272.8,3.04,6,9,0.9157,9.7,0.5071
2026-01-22,46,23:00,12.3,270.9,1.85,4,6,0.8814,17.5,0.4623
2026-01-22,47,23:30,8.0,275.2,1.23,3,5,0.8695,23.0,0.4086
2026-01-23,0,00:00,3.8,268.6,0.57,2,3,0.8878,23.4,0.283
2026-01-23,1,00:30,3.6,279.7,0.56,2,3,0.89,23.7,0.2793
2026-01-23,2,01:00,3.7,277.3,0.57,2,3,0.8859,24.5,0.285
2026-01-23,3,01:30,3.7,271.8,0.56,2,3,0.8891,23.3,0.2811
2026-01-23,4,02:00,3.9,274.1,0.59,2,3,0.878,26.3,0.296
2026-01-23,5,02:30,3.9,275.2,0.6,2,3,0.8763,26.9,0.2982
2026-01-23,6,03:00,3.8,270.8,0.57,2,3,0.8874,23.7,0.2834
2026-01-23,7,03:30,3.9,270.5,0.59,2,3,0.8789,25.8,0.295
2026-01-23,8,04:00,4.4,271.3,0.67,2,3,0.8495,33.8,0.3327
2026-01-23,9,04:30,5.4,275.8,0.83,3,5,0.9507,7.3,0.2776
2026-01-23,10,05:00,7.9,275.9,1.21,3,5,0.8723,22.5,0.405
2026-01-23,11,05:30,13.5,268.9,2.02,4,6,0.8467,24.1,0.5038
2026-01-23,12,06:00,23.9,278.1,3.7,6,9,0.8163,26.2,0.6166
2026-01-23,13,06:30,41.4,273.1,6.28,9,13,0.8026,24.2,0.6977
2026-01-23,14,07:00,72.0,274.6,10.99,15,22,0.8592,12.9,0.7326
2026-01-23,15,07:30,115.7,273.2,17.56,22,32,0.8325,14.3,0.7982
2026-01-23,16,08:00,176.7,273.2,26.81,32,46,0.8301,13.1,0.8379
2026-01-23,17,08:30,248.6,273.9,37.83,44,63,0.8444,10.8,0.8598
2026-01-23,18,09:00,324.7,274.3,49.48,56,80,0.8302,11.5,0.8836
2026-01-23,19,09:30,399.7,274.1,60.88,68,98,0.8348,10.7,0.8953
2026-01-23,20,10:00,458.6,274.3,69.89,78,112,0.8606,8.5,0.896
2026-01-23,21,10:30,493.9,273.7,75.1,84,121,0.8806,7.0,0.8941
2026-01-23,22,11:00,508.2,273.1,77.09,86,123,0.8787,7.1,0.8964
2026-01-23,23,11:30,501.6,273.9,76.35,85,122,0.871,7.7,0.8982
2026-01-23,24,12:00,484.0,274.2,73.72,82,118,0.8613,8.4,0.899
2026-01-23,25,12:30,467.4,273.4,71.0,79,113,0.8551,8.9,0.8987
2026-01-23,26,13:00,455.3,273.9,69.28,77,110,0.8462,9.6,0.8998
2026-01-23,27,13:30,457.9,273.9,69.68,78,112,0.8687,7.9,0.8933
2026-01-23,28,14:00,476.4,274.5,72.65,81,116,0.8651,8.2,0.897
2026-01-23,29,14:30,506.9,273.4,76.99,86,123,0.8817,6.9,0.8953
2026-01-23,30,15:00,545.2,273.7,82.91,93,133,0.9051,5.4,0.8915
2026-01-23,31,15:30,580.6,274.7,88.62,99,142,0.9063,5.3,0.8951
2026-01-23,32,16:00,606.6,274.2,92.41,103,148,0.9077,5.2,0.8972
2026-01-23,33,16:30,612.7,273.9,93.22,104,149,0.9115,4.9,0.8963
2026-01-23,34,17:00,591.1,274.5,90.15,101,145,0.9155,4.7,0.8926
2026-01-23,35,17:30,545.9,273.6,82.98,93,133,0.9032,5.5,0.8923
2026-01-23,36,18:00,478.8,274.0,72.89,81,116,0.856,8.8,0.8999
2026-01-23,37,18:30,400.3,274.7,61.08,68,98,0.8245,11.5,0.8983
2026-01-23,38,19:00,318.4,273.9,48.46,55,79,0.8337,11.2,0.8811
2026-01-23,39,19:30,240.0,274.5,36.6,42,61,0.8036,14.8,0.8713
2026-01-23,40,20:00,173.4,273.1,26.31,32,46,0.8624,10.0,0.8222
2026-01-23,41,20:30,118.3,273.9,18.0,23,33,0.8679,10.4,0.7824
2026-01-23,42,21:00,77.6,272.6,11.75,16,23,0.8689,11.5,0.7346
2026-01-23,43,21:30,49.2,275.5,7.53,11,16,0.8606,14.2,0.6844
2026-01-23,44,22:00,29.9,275.0,4.57,7,10,0.8073,26.0,0.6524
2026-01-23,45,22:30,18.6,272.8,2.82,5,8,0.8342,24.4,0.5645
2026-01-23,46,23:00,11.4,270.9,1.72,4,6,0.9057,13.2,0.4289
2026-01-23,47,23:30,7.4,275.2,1.14,3,5,0.8915,18.3,0.3791
2026-01-24,0,00:00,2.8,268.6,0.42,2,3,0.9347,12.5,0.2109
2026-01-24,1,00:30,2.7,279.7,0.42,2,3,0.936,12.7,0.2082
2026-01-24,2,01:00,2.8,277.3,0.42,2,3,0.9336,13.1,0.2124
2026-01-24,3,01:30,2.8,271.8,0.42,2,3,0.9354,12.5,0.2094
2026-01-24,4,02:00,2.9,274.1,0.44,2,3,0.9288,14.0,0.2206
2026-01-24,5,02:30,2.9,275.2,0.44,2,3,0.9278,14.3,0.2222
2026-01-24,6,03:00,2.8,270.8,0.42,2,3,0.9344,12.6,0.2112
2026-01-24,7,03:30,2.9,270.5,0.44,2,3,0.9294,13.7,0.2199
2026-01-24,8,04:00,3.3,271.3,0.5,2,3,0.9118,17.8,0.2479
2026-01-24,9,04:30,4.1,275.8,0.62,2,3,0.867,29.4,0.3104
2026-01-24,10,05:00,5.9,275.9,0.91,3,5,0.9389,9.4,0.3018
2026-01-24,11,05:30,10.1,268.9,1.5,4,6,0.9378,8.1,0.3755
2026-01-24,12,06:00,17.8,278.1,2.76,5,8,0.8466,22.3,0.5514
2026-01-24,13,06:30,30.8,273.1,4.68,8,12,0.9025,10.2,0.5849
2026-01-24,14,07:00,53.7,274.6,8.19,12,18,0.8791,11.5,0.6824
2026-01-24,15,07:30,86.2,273.2,13.09,17,25,0.8287,15.9,0.7698
2026-01-24,16,08:00,131.7,273.2,19.98,25,36,0.8563,11.3,0.7993
2026-01-24,17,08:30,185.3,273.9,28.19,34,49,0.8605,10.1,0.8292
2026-01-24,18,09:00,242.0,274.3,36.87,43,62,0.8453,10.8,0.8575
2026-01-24,19,09:30,297.9,274.1,45.37,52,75,0.8461,10.3,0.8725
2026-01-24,20,10:00,341.7,274.3,52.08,59,85,0.8435,10.3,0.8828
2026-01-24,21,10:30,368.1,273.7,55.97,63,90,0.8407,10.4,0.8884
2026-01-24,22,11:00,378.7,273.1,57.45,64,92,0.8141,12.5,0.8976
2026-01-24,23,11:30,373.8,273.9,56.89,64,92,0.8421,10.2,0.889
2026-01-24,24,12:00,360.7,274.2,54.94,62,89,0.8441,10.1,0.8861
2026-01-24,25,12:30,348.3,273.4,52.91,60,86,0.85,9.7,0.8818
2026-01-24,26,13:00,339.3,273.9,51.63,58,83,0.8172,12.5,0.8902
2026-01-24,27,13:30,341.3,273.9,51.93,59,85,0.8511,9.7,0.8801
2026-01-24,28,14:00,355.0,274.5,54.14,61,88,0.8361,10.8,0.8876
2026-01-24,29,14:30,377.7,273.4,57.38,64,92,0.8178,12.2,0.8965
2026-01-24,30,15:00,406.3,273.7,61.79,69,99,0.8375,10.4,0.8954
2026-01-24,31,15:30,432.7,274.7,66.04,74,106,0.861,8.6,0.8924
2026-01-24,32,16:00,452.1,274.2,68.87,77,110,0.8631,8.4,0.8944
2026-01-24,33,16:30,456.6,273.9,69.47,78,112,0.8766,7.4,0.8906
2026-01-24,34,17:00,440.5,274.5,67.18,75,108,0.8535,9.1,0.8958
2026-01-24,35,17:30,406.8,273.6,61.84,69,99,0.835,10.6,0.8962
2026-01-24,36,18:00,356.8,274.0,54.32,61,88,0.827,11.6,0.8905
2026-01-24,37,18:30,298.3,274.7,45.52,52,75,0.8381,11.0,0.8754
2026-01-24,38,19:00,237.3,273.9,36.11,42,61,0.8347,11.8,0.8599
2026-01-24,39,19:30,178.8,274.5,27.27,33,48,0.86,10.2,0.8264
2026-01-24,40,20:00,129.2,273.1,19.61,24,35,0.8142,15.9,0.817
2026-01-24,41,20:30,88.1,273.9,13.41,18,26,0.8765,10.3,0.745
2026-01-24,42,21:00,57.8,272.6,8.76,12,18,0.8181,19.4,0.7299
2026-01-24,43,21:30,36.7,275.5,5.61,9,13,0.8883,11.6,0.6233
2026-01-24,44,22:00,22.3,275.0,3.4,6,9,0.8675,17.0,0.5672
2026-01-24,45,22:30,13.9,272.8,2.1,4,6,0.8257,28.8,0.5258
2026-01-24,46,23:00,8.5,270.9,1.28,3,5,0.8557,25.8,0.4261
2026-01-24,47,23:30,5.5,275.2,0.85,3,5,0.9485,7.7,0.2825
2026-01-25,0,00:00,2.7,268.6,0.4,2,3,0.9395,11.5,0.2024
2026-01-25,1,00:30,2.6,279.7,0.4,2,3,0.9407,11.6,0.1997
2026-01-25,2,01:00,2.6,277.3,0.41,2,3,0.9385,12.0,0.2038
2026-01-25,3,01:30,2.7,271.8,0.4,2,3,0.9402,11.4,0.201
2026-01-25,4,02:00,2.8,274.1,0.42,2,3,0.9341,12.9,0.2116
2026-01-25,5,02:30,2.8,275.2,0.43,2,3,0.9332,13.1,0.2132
2026-01-25,6,03:00,2.7,270.8,0.41,2,3,0.9393,11.6,0.2026
2026-01-25,7,03:30,2.8,270.5,0.42,2,3,0.9346,12.6,0.2109
2026-01-25,8,04:00,3.2,271.3,0.48,2,3,0.9183,16.3,0.2379
2026-01-25,9,04:30,3.9,275.8,0.6,2,3,0.8766,26.8,0.2978
2026-01-25,10,05:00,5.7,275.9,0.87,3,5,0.9451,8.3,0.2896
2026-01-25,11,05:30,9.6,268.9,1.44,3,5,0.8075,37.3,0.4803
2026-01-25,12,06:00,17.1,278.1,2.65,5,8,0.8672,18.6,0.529
2026-01-25,13,06:30,29.6,273.1,4.49,7,10,0.8209,23.4,0.6414
2026-01-25,14,07:00,51.5,274.6,7.86,11,16,0.8222,19.5,0.7142
2026-01-25,15,07:30,82.7,273.2,12.56,17,25,0.8748,10.7,0.7386
2026-01-25,16,08:00,126.3,273.2,19.17,24,35,0.8491,12.2,0.7988
2026-01-25,17,08:30,177.8,273.9,27.05,32,46,0.8128,14.9,0.8453
2026-01-25,18,09:00,232.2,274.3,35.38,41,59,0.8218,13.1,0.8629
2026-01-25,19,09:30,285.8,274.1,43.53,50,72,0.8432,10.7,0.8706
2026-01-25,20,10:00,327.9,274.3,49.97,56,80,0.802,14.0,0.8923
2026-01-25,21,10:30,353.2,273.7,53.7,60,86,0.8087,13.2,0.895
2026-01-25,22,11:00,363.3,273.1,55.12,62,89,0.8357,10.8,0.889
2026-01-25,23,11:30,358.7,273.9,54.59,61,88,0.8127,12.8,0.8948
2026-01-25,24,12:00,346.0,274.2,52.71,59,85,0.8103,13.1,0.8934
2026-01-25,25,12:30,334.2,273.4,50.76,57,82,0.8122,13.0,0.8906
2026-01-25,26,13:00,325.6,273.9,49.54,56,80,0.8272,11.7,0.8846
2026-01-25,27,13:30,327.4,273.9,49.82,56,80,0.8112,13.1,0.8897
2026-01-25,28,14:00,340.6,274.5,51.95,59,85,0.85,9.8,0.8805
2026-01-25,29,14:30,362.4,273.4,55.05,62,89,0.8389,10.5,0.8879
2026-01-25,30,15:00,389.8,273.7,59.28,66,95,0.8187,12.1,0.8982
2026-01-25,31,15:30,415.1,274.7,63.36,71,102,0.8527,9.2,0.8924
2026-01-25,32,16:00,433.7,274.2,66.07,74,106,0.8597,8.7,0.8929
2026-01-25,33,16:30,438.0,273.9,66.65,75,108,0.8745,7.6,0.8886
2026-01-25,34,17:00,422.6,274.5,64.46,72,103,0.8468,9.7,0.8953
2026-01-25,35,17:30,390.3,273.6,59.33,66,95,0.816,12.3,0.899
2026-01-25,36,18:00,342.4,274.0,52.12,59,85,0.8418,10.4,0.8834
2026-01-25,37,18:30,286.2,274.7,43.67,50,72,0.8352,11.3,0.8735
2026-01-25,38,19:00,227.7,273.9,34.65,40,58,0.8073,14.6,0.8662
2026-01-25,39,19:30,171.6,274.5,26.17,31,45,0.8087,15.4,0.844
2026-01-25,40,20:00,124.0,273.1,18.81,23,33,0.8029,17.5,0.8179
2026-01-25,41,20:30,84.5,273.9,12.87,17,25,0.849,13.5,0.7569
2026-01-25,42,21:00,55.5,272.6,8.4,12,18,0.8584,14.0,0.7003
2026-01-25,43,21:30,35.2,275.5,5.38,8,12,0.8102,24.2,0.6728
2026-01-25,44,22:00,21.4,275.0,3.27,6,9,0.8876,13.8,0.5442
2026-01-25,45,22:30,13.3,272.8,2.02,4,6,0.8458,24.6,0.5045
2026-01-25,46,23:00,8.2,270.9,1.23,3,5,0.8696,22.7,0.4088
2026-01-25,47,23:30,5.3,275.2,0.81,3,5,0.9537,6.8,0.271
2026-01-26,0,00:00,5.0,268.6,0.74,2,3,0.8165,43.1,0.3717
2026-01-26,1,00:30,4.7,279.7,0.73,2,3,0.8201,43.5,0.3668
2026-01-26,2,01:00,4.9,277.3,0.75,2,3,0.8137,45.2,0.3744
2026-01-26,3,01:30,4.9,271.8,0.74,2,3,0.8186,42.9,0.3691
2026-01-26,4,02:00,5.1,274.1,0.78,2,3,0.8009,48.8,0.3888
2026-01-26,5,02:30,5.1,275.2,0.78,3,5,0.958,6.1,0.2611
2026-01-26,6,03:00,4.9,270.8,0.74,2,3,0.8159,43.6,0.3722
2026-01-26,7,03:30,5.2,270.5,0.77,2,3,0.8023,47.8,0.3875
2026-01-26,8,04:00,5.8,271.3,0.87,3,5,0.9444,8.3,0.2913
2026-01-26,9,04:30,7.1,275.8,1.09,3,5,0.9015,16.4,0.3646
2026-01-26,10,05:00,10.4,275.9,1.6,4,6,0.9244,10.3,0.3989
2026-01-26,11,05:30,17.7,268.9,2.65,5,8,0.8676,18.0,0.5294
2026-01-26,12,06:00,31.4,278.1,4.86,8,12,0.8825,13.0,0.6073
2026-01-26,13,06:30,54.4,273.1,8.25,12,18,0.8738,12.1,0.6872
2026-01-26,14,07:00,94.6,274.6,14.43,19,28,0.8663,11.2,0.7596
2026-01-26,15,07:30,152.0,273.2,23.06,28,40,0.8328,13.3,0.8237
2026-01-26,16,08:00,232.0,273.2,35.22,41,59,0.8323,12.1,0.8589
2026-01-26,17,08:30,326.5,273.9,49.69,56,80,0.8189,12.5,0.8873
2026-01-26,18,09:00,426.5,274.3,64.98,73,105,0.8649,8.3,0.8902
2026-01-26,19,09:30,525.0,274.1,79.96,89,128,0.8789,7.1,0.8984
2026-01-26,20,10:00,602.3,274.3,91.79,102,146,0.899,5.7,0.8999
2026-01-26,21,10:30,648.7,273.7,98.64,110,158,0.9193,4.5,0.8967
2026-01-26,22,11:00,667.4,273.1,101.24,113,162,0.9251,4.1,0.896
2026-01-26,23,11:30,658.8,273.9,100.27,112,160,0.9252,4.1,0.8953
2026-01-26,24,12:00,635.7,274.2,96.82,108,155,0.9169,4.6,0.8965
2026-01-26,25,12:30,613.9,273.4,93.25,104,149,0.911,5.0,0.8966
2026-01-26,26,13:00,598.0,273.9,90.99,102,146,0.9183,4.5,0.8921
2026-01-26,27,13:30,601.4,273.9,91.52,102,146,0.9062,5.3,0.8972
2026-01-26,28,14:00,625.6,274.5,95.42,107,153,0.9259,4.1,0.8918
2026-01-26,29,14:30,665.7,273.4,101.12,113,162,0.9274,4.0,0.8949
2026-01-26,30,15:00,716.0,273.7,108.89,121,173,0.926,4.1,0.8999
2026-01-26,31,15:30,762.5,274.7,116.39,130,186,0.9447,3.0,0.8953
2026-01-26,32,16:00,796.7,274.2,121.37,135,193,0.9424,3.1,0.899
2026-01-26,33,16:30,804.6,273.9,122.43,137,196,0.9537,2.5,0.8936
2026-01-26,34,17:00,776.3,274.5,118.4,132,189,0.9435,3.1,0.897
2026-01-26,35,17:30,716.9,273.6,108.99,122,175,0.9407,3.2,0.8933
2026-01-26,36,18:00,628.9,274.0,95.74,107,153,0.9196,4.5,0.8947
2026-01-26,37,18:30,525.7,274.7,80.22,90,129,0.8997,5.7,0.8914
2026-01-26,38,19:00,418.2,273.9,63.65,71,102,0.8402,10.2,0.8964
2026-01-26,39,19:30,315.2,274.5,48.06,54,78,0.8015,14.1,0.8901
2026-01-26,40,20:00,227.8,273.1,34.56,40,58,0.814,13.9,0.8639
2026-01-26,41,20:30,155.3,273.9,23.64,29,42,0.8567,10.8,0.815
2026-01-26,42,21:00,101.9,272.6,15.44,20,29,0.858,11.9,0.7719
2026-01-26,43,21:30,64.6,275.5,9.89,14,20,0.8794,10.9,0.7062
2026-01-26,44,22:00,39.3,275.0,6.0,9,13,0.8427,17.9,0.6664
2026-01-26,45,22:30,24.5,272.8,3.71,6,9,0.8155,26.0,0.6178
2026-01-26,46,23:00,15.0,270.9,2.25,5,8,0.9255,9.0,0.4506
2026-01-26,47,23:30,9.8,275.2,1.49,4,6,0.9387,8.1,0.3734
2026-01-27,0,00:00,4.3,268.6,0.64,2,3,0.859,30.9,0.321
2026-01-27,1,00:30,4.1,279.7,0.63,2,3,0.8617,31.2,0.3168
2026-01-27,2,01:00,4.2,277.3,0.65,2,3,0.8567,32.4,0.3233
2026-01-27,3,01:30,4.2,271.8,0.64,2,3,0.8606,30.7,0.3188
2026-01-27,4,02:00,4.4,274.1,0.67,2,3,0.8468,34.8,0.3358
2026-01-27,5,02:30,4.4,275.2,0.68,2,3,0.8447,35.5,0.3382
2026-01-27,6,03:00,4.3,270.8,0.64,2,3,0.8585,31.2,0.3215
2026-01-27,7,03:30,4.5,270.5,0.67,2,3,0.8479,34.1,0.3346
2026-01-27,8,04:00,5.0,271.3,0.75,2,3,0.8114,45.0,0.3773
2026-01-27,9,04:30,6.2,275.8,0.94,3,5,0.9319,10.6,0.3149
2026-01-27,10,05:00,9.0,275.9,1.38,3,5,0.8265,33.2,0.4594
2026-01-27,11,05:30,15.3,268.9,2.29,5,8,0.9216,9.5,0.4572
2026-01-27,12,06:00,27.2,278.1,4.2,7,10,0.8656,16.3,0.5994
2026-01-27,13,06:30,46.9,273.1,7.12,10,15,0.8049,22.9,0.7122
2026-01-27,14,07:00,81.7,274.6,12.46,17,25,0.8815,10.0,0.7332
2026-01-27,15,07:30,131.2,273.2,19.92,25,36,0.8606,10.9,0.7967
2026-01-27,16,08:00,200.4,273.2,30.41,36,52,0.839,11.9,0.8448
2026-01-27,17,08:30,282.0,273.9,42.91,49,70,0.8247,12.3,0.8757
2026-01-27,18,09:00,368.3,274.3,56.12,63,90,0.8329,11.0,0.8908
2026-01-27,19,09:30,453.4,274.1,69.05,77,110,0.8557,8.9,0.8968
2026-01-27,20,10:00,520.1,274.3,79.27,89,128,0.8996,5.8,0.8907
2026-01-27,21,10:30,560.2,273.7,85.19,95,136,0.8956,6.0,0.8967
2026-01-27,22,11:00,576.4,273.1,87.44,98,140,0.9121,4.9,0.8922
2026-01-27,23,11:30,569.0,273.9,86.59,97,139,0.909,5.1,0.8927
2026-01-27,24,12:00,549.0,274.2,83.62,93,133,0.885,6.7,0.8991
2026-01-27,25,12:30,530.2,273.4,80.53,90,129,0.8913,6.3,0.8948
2026-01-27,26,13:00,516.5,273.9,78.58,88,126,0.8919,6.3,0.893
2026-01-27,27,13:30,519.4,273.9,79.04,88,126,0.8777,7.2,0.8981
2026-01-27,28,14:00,540.3,274.5,82.41,92,132,0.8923,6.2,0.8957
2026-01-27,29,14:30,574.9,273.4,87.33,98,140,0.9145,4.8,0.8911
2026-01-27,30,15:00,618.4,273.7,94.04,105,150,0.9147,4.7,0.8956
2026-01-27,31,15:30,658.6,274.7,100.51,112,160,0.9201,4.4,0.8974
2026-01-27,32,16:00,688.1,274.2,104.82,117,168,0.9299,3.8,0.8959
2026-01-27,33,16:30,694.9,273.9,105.73,118,169,0.9309,3.8,0.896
2026-01-27,34,17:00,670.4,274.5,102.26,114,163,0.9238,4.2,0.897
2026-01-27,35,17:30,619.2,273.6,94.12,105,150,0.9128,4.9,0.8964
2026-01-27,36,18:00,543.1,274.0,82.68,92,132,0.8842,6.7,0.8987
2026-01-27,37,18:30,454.0,274.7,69.28,77,110,0.8459,9.6,0.8998
2026-01-27,38,19:00,361.2,273.9,54.97,62,89,0.8427,10.2,0.8866
2026-01-27,39,19:30,272.2,274.5,41.51,48,69,0.8497,10.2,0.8648
2026-01-27,40,20:00,196.7,273.1,29.84,35,50,0.8142,14.4,0.8527
2026-01-27,41,20:30,134.1,273.9,20.41,25,36,0.8237,14.7,0.8165
2026-01-27,42,21:00,88.0,272.6,13.33,17,25,0.8035,19.1,0.7843
2026-01-27,43,21:30,55.8,275.5,8.54,12,18,0.8435,16.0,0.7116
2026-01-27,44,22:00,33.9,275.0,5.18,8,12,0.8412,19.0,0.6475
2026-01-27,45,22:30,21.1,272.8,3.2,6,9,0.8963,12.4,0.5336
2026-01-27,46,23:00,12.9,270.9,1.95,4,6,0.8618,21.2,0.4864
2026-01-27,47,23:30,8.4,275.2,1.29,3,5,0.8522,26.9,0.43
2026-01-28,0,00:00,4.2,268.6,0.62,2,3,0.8673,28.6,0.3104
2026-01-28,1,00:30,3.9,279.7,0.61,2,3,0.8699,29.0,0.3063
2026-01-28,2,01:00,4.1,277.3,0.63,2,3,0.8652,30.0,0.3125
2026-01-28,3,01:30,4.1,271.8,0.62,2,3,0.8689,28.5,0.3082
2026-01-28,4,02:00,4.3,274.1,0.65,2,3,0.8559,32.3,0.3246
2026-01-28,5,02:30,4.3,275.2,0.65,2,3,0.8539,32.9,0.3269
2026-01-28,6,03:00,4.1,270.8,0.62,2,3,0.8669,29.0,0.3108
2026-01-28,7,03:30,4.3,270.5,0.65,2,3,0.8569,31.6,0.3235
2026-01-28,8,04:00,4.8,271.3,0.73,2,3,0.8225,41.6,0.3648
2026-01-28,9,04:30,6.0,275.8,0.91,3,5,0.9376,9.6,0.3044
2026-01-28,10,05:00,8.7,275.9,1.33,3,5,0.8401,29.9,0.4441
2026-01-28,11,05:30,14.8,268.9,2.21,5,8,0.9307,8.2,0.442
2026-01-28,12,06:00,26.3,278.1,4.06,7,10,0.8841,13.5,0.5795
2026-01-28,13,06:30,45.4,273.1,6.89,10,15,0.8371,17.9,0.6885
2026-01-28,14,07:00,79.0,274.6,12.05,16,23,0.8425,14.6,0.7531
2026-01-28,15,07:30,126.9,273.2,19.26,24,35,0.8428,12.8,0.8023
2026-01-28,16,08:00,193.7,273.2,29.4,35,50,0.8439,11.5,0.84
2026-01-28,17,08:30,272.6,273.9,41.48,48,69,0.8512,10.1,0.8642
2026-01-28,18,09:00,356.1,274.3,54.25,61,88,0.8305,11.3,0.8894
2026-01-28,19,09:30,438.3,274.1,66.76,75,108,0.8705,7.9,0.8901
2026-01-28,20,10:00,502.8,274.3,76.63,86,123,0.8927,6.2,0.8911
2026-01-28,21,10:30,541.6,273.7,82.35,92,132,0.8942,6.1,0.8951
2026-01-28,22,11:00,557.2,273.1,84.53,94,135,0.8869,6.5,0.8992
2026-01-28,23,11:30,550.0,273.9,83.71,94,135,0.9091,5.1,0.8906
2026-01-28,24,12:00,530.7,274.2,80.83,90,129,0.8817,6.9,0.8982
2026-01-28,25,12:30,512.5,273.4,77.85,87,125,0.8852,6.7,0.8948
2026-01-28,26,13:00,499.3,273.9,75.97,85,122,0.8837,6.8,0.8938
2026-01-28,27,13:30,502.1,273.9,76.4,85,122,0.8689,7.8,0.8989
2026-01-28,28,14:00,522.3,274.5,79.66,89,128,0.8881,6.5,0.8951
2026-01-28,29,14:30,555.8,273.4,84.42,94,135,0.8899,6.3,0.8981
2026-01-28,30,15:00,597.8,273.7,90.91,102,146,0.9201,4.4,0.8913
2026-01-28,31,15:30,636.6,274.7,97.17,108,155,0.9089,5.1,0.8997
2026-01-28,32,16:00,665.2,274.2,101.33,113,162,0.9232,4.2,0.8967
2026-01-28,33,16:30,671.8,273.9,102.21,114,163,0.9248,4.1,0.8966
2026-01-28,34,17:00,648.1,274.5,98.85,110,158,0.9145,4.7,0.8987
2026-01-28,35,17:30,598.6,273.6,90.99,102,146,0.9184,4.5,0.8921
2026-01-28,36,18:00,525.0,274.0,79.93,89,128,0.8799,7.0,0.8981
2026-01-28,37,18:30,438.9,274.7,66.98,75,108,0.8618,8.5,0.893
2026-01-28,38,19:00,349.2,273.9,53.14,60,86,0.8387,10.6,0.8856
2026-01-28,39,19:30,263.1,274.5,40.13,46,66,0.8207,12.9,0.8723
2026-01-28,40,20:00,190.1,273.1,28.85,34,49,0.8182,14.1,0.8485
2026-01-28,41,20:30,129.7,273.9,19.73,24,35,0.8029,17.3,0.8222
2026-01-28,42,21:00,85.1,272.6,12.89,17,25,0.8473,13.7,0.7581
2026-01-28,43,21:30,53.9,275.5,8.25,12,18,0.8728,12.3,0.6879
2026-01-28,44,22:00,32.8,275.0,5.01,8,12,0.8646,15.5,0.6259
2026-01-28,45,22:30,20.4,272.8,3.09,6,9,0.9096,10.5,0.5158
2026-01-28,46,23:00,12.5,270.9,1.88,4,6,0.8751,18.7,0.4702
2026-01-28,47,23:30,8.2,275.2,1.25,3,5,0.8639,24.3,0.4156
2026-01-29,0,00:00,4.1,268.6,0.61,2,3,0.8708,27.7,0.3059
2026-01-29,1,00:30,3.9,279.7,0.6,2,3,0.8733,28.0,0.3018
2026-01-29,2,01:00,4.0,277.3,0.62,2,3,0.8687,29.1,0.308
2026-01-29,3,01:30,4.0,271.8,0.61,2,3,0.8723,27.6,0.3037
2026-01-29,4,02:00,4.2,274.1,0.64,2,3,0.8596,31.2,0.3199
2026-01-29,5,02:30,4.2,275.2,0.64,2,3,0.8577,31.9,0.3222
2026-01-29,6,03:00,4.1,270.8,0.61,2,3,0.8704,28.0,0.3063
2026-01-29,7,03:30,4.2,270.5,0.64,2,3,0.8606,30.6,0.3188
2026-01-29,8,04:00,4.8,271.3,0.72,2,3,0.827,40.3,0.3595
2026-01-29,9,04:30,5.9,275.8,0.9,3,5,0.9398,9.2,0.3
2026-01-29,10,05:00,8.6,275.9,1.31,3,5,0.8456,28.5,0.4377
2026-01-29,11,05:30,14.6,268.9,2.18,4,6,0.8074,32.6,0.5445
2026-01-29,12,06:00,25.9,278.1,4.0,7,10,0.8914,12.5,0.5711
2026-01-29,13,06:30,44.7,273.1,6.79,10,15,0.8494,16.2,0.6786
2026-01-29,14,07:00,77.8,274.6,11.87,16,23,0.8584,12.7,0.7422
2026-01-29,15,07:30,125.0,273.2,18.98,24,35,0.8628,10.8,0.7907
2026-01-29,16,08:00,190.9,273.2,28.98,34,49,0.809,15.0,0.8522
2026-01-29,17,08:30,268.7,273.9,40.88,47,68,0.8323,11.7,0.8699
2026-01-29,18,09:00,350.9,274.3,53.47,60,86,0.8213,12.1,0.8912
2026-01-29,19,09:30,432.0,274.1,65.79,74,106,0.8707,7.9,0.8891
2026-01-29,20,10:00,495.5,274.3,75.53,84,121,0.8656,8.1,0.8991
2026-01-29,21,10:30,533.8,273.7,81.16,91,130,0.9006,5.7,0.8919
2026-01-29,22,11:00,549.2,273.1,83.31,93,133,0.8945,6.0,0.8958
2026-01-29,23,11:30,542.1,273.9,82.5,92,132,0.8897,6.4,0.8968
2026-01-29,24,12:00,523.0,274.2,79.67,89,128,0.8882,6.5,0.8951
2026-01-29,25,12:30,505.1,273.4,76.72,86,123,0.8903,6.4,0.8921
2026-01-29,26,13:00,492.1,273.9,74.87,84,121,0.8881,6.5,0.8913
2026-01-29,27,13:30,494.9,273.9,75.3,84,121,0.8739,7.5,0.8964
2026-01-29,28,14:00,514.8,274.5,78.51,88,126,0.8938,6.1,0.8922
2026-01-29,29,14:30,547.7,273.4,83.2,93,133,0.8973,5.9,0.8947
2026-01-29,30,15:00,589.1,273.7,89.6,100,143,0.906,5.3,0.896
2026-01-29,31,15:30,627.4,274.7,95.76,107,153,0.9188,4.5,0.895
2026-01-29,32,16:00,655.6,274.2,99.87,111,159,0.9134,4.8,0.8997
2026-01-29,33,16:30,662.1,273.9,100.73,112,160,0.9156,4.7,0.8994
2026-01-29,34,17:00,638.8,274.5,97.42,109,156,0.9243,4.2,0.8938
2026-01-29,35,17:30,589.9,273.6,89.68,100,143,0.9041,5.4,0.8968
2026-01-29,36,18:00,517.4,274.0,78.77,88,126,0.8861,6.6,0.8952
2026-01-29,37,18:30,432.6,274.7,66.01,74,106,0.8621,8.5,0.892
2026-01-29,38,19:00,344.1,273.9,52.37,59,85,0.829,11.5,0.8876
2026-01-29,39,19:30,259.3,274.5,39.55,46,66,0.8535,10.0,0.8597
2026-01-29,40,20:00,187.4,273.1,28.43,34,49,0.8461,11.3,0.8363
2026-01-29,41,20:30,127.8,273.9,19.45,24,35,0.8275,14.5,0.8103
2026-01-29,42,21:00,83.9,272.6,12.7,17,25,0.8632,11.9,0.7472
2026-01-29,43,21:30,53.2,275.5,8.14,12,18,0.8838,11.0,0.678
2026-01-29,44,22:00,32.3,275.0,4.93,8,12,0.8737,14.2,0.6169
2026-01-29,45,22:30,20.1,272.8,3.05,6,9,0.9148,9.8,0.5083
2026-01-29,46,23:00,12.3,270.9,1.85,4,6,0.8805,17.7,0.4635
2026-01-29,47,23:30,8.0,275.2,1.23,3,5,0.8687,23.2,0.4096
2026-01-30,0,00:00,3.8,268.6,0.57,2,3,0.8872,23.5,0.2838
2026-01-30,1,00:30,3.6,279.7,0.56,2,3,0.8894,23.8,0.2801
2026-01-30,2,01:00,3.7,277.3,0.57,2,3,0.8854,24.7,0.2858
2026-01-30,3,01:30,3.7,271.8,0.56,2,3,0.8885,23.5,0.2818
2026-01-30,4,02:00,3.9,274.1,0.59,2,3,0.8774,26.5,0.2968
2026-01-30,5,02:30,3.9,275.2,0.6,2,3,0.8757,27.0,0.299
2026-01-30,6,03:00,3.8,270.8,0.57,2,3,0.8868,23.8,0.2842
2026-01-30,7,03:30,3.9,270.5,0.59,2,3,0.8783,25.9,0.2958
2026-01-30,8,04:00,4.4,271.3,0.67,2,3,0.8487,34.0,0.3336
2026-01-30,9,04:30,5.5,275.8,0.84,3,5,0.9504,7.4,0.2784
2026-01-30,10,05:00,7.9,275.9,1.22,3,5,0.8714,22.7,0.4061
2026-01-30,11,05:30,13.5,268.9,2.02,4,6,0.8454,24.3,0.5052
2026-01-30,12,06:00,24.0,278.1,3.71,6,9,0.8144,26.6,0.6183
2026-01-30,13,06:30,41.5,273.1,6.3,10,15,0.9004,9.6,0.6296
2026-01-30,14,07:00,72.2,274.6,11.02,15,22,0.8565,13.2,0.7346
2026-01-30,15,07:30,116.0,273.2,17.61,22,32,0.8284,14.7,0.8004
2026-01-30,16,08:00,177.2,273.2,26.89,32,46,0.8249,13.6,0.8402
2026-01-30,17,08:30,249.3,273.9,37.94,44,63,0.8386,11.4,0.8622
2026-01-30,18,09:00,325.6,274.3,49.61,56,80,0.8228,12.1,0.886
2026-01-30,19,09:30,400.8,274.1,61.05,68,98,0.8266,11.4,0.8978
2026-01-30,20,10:00,459.8,274.3,70.08,78,112,0.8529,9.1,0.8985
2026-01-30,21,10:30,495.3,273.7,75.31,84,121,0.8736,7.5,0.8965
2026-01-30,22,11:00,509.6,273.1,77.3,86,123,0.8715,7.6,0.8988
2026-01-30,23,11:30,503.0,273.9,76.55,86,123,0.8952,6.1,0.8902
2026-01-30,24,12:00,485.3,274.2,73.92,83,119,0.8877,6.6,0.8906
2026-01-30,25,12:30,468.7,273.4,71.19,80,115,0.8832,6.9,0.8899
2026-01-30,26,13:00,456.6,273.9,69.47,78,112,0.8763,7.4,0.8907
2026-01-30,27,13:30,459.2,273.9,69.87,78,112,0.8615,8.5,0.8958
2026-01-30,28,14:00,477.7,274.5,72.85,81,116,0.8575,8.7,0.8994
2026-01-30,29,14:30,508.2,273.4,77.21,86,123,0.8747,7.4,0.8977
2026-01-30,30,15:00,546.7,273.7,83.14,93,133,0.899,5.8,0.894
2026-01-30,31,15:30,582.2,274.7,88.86,99,142,0.9,5.7,0.8976
2026-01-30,32,16:00,608.3,274.2,92.67,103,148,0.9013,5.6,0.8997
2026-01-30,33,16:30,614.3,273.9,93.47,104,149,0.9054,5.3,0.8988
2026-01-30,34,17:00,592.7,274.5,90.4,101,145,0.9097,5.1,0.8951
2026-01-30,35,17:30,547.4,273.6,83.21,93,133,0.897,5.9,0.8947
2026-01-30,36,18:00,480.1,274.0,73.09,82,118,0.8835,6.9,0.8914
2026-01-30,37,18:30,401.4,274.7,61.25,69,99,0.8608,8.7,0.8877
2026-01-30,38,19:00,319.3,273.9,48.59,55,79,0.8265,11.8,0.8835
2026-01-30,39,19:30,240.6,274.5,36.7,43,62,0.8549,10.0,0.8534
2026-01-30,40,20:00,173.9,273.1,26.38,32,46,0.8581,10.4,0.8245
2026-01-30,41,20:30,118.6,273.9,18.05,23,33,0.8645,10.8,0.7846
2026-01-30,42,21:00,77.8,272.6,11.79,16,23,0.8662,11.8,0.7367
2026-01-30,43,21:30,49.3,275.5,7.55,11,16,0.8584,14.5,0.6863
2026-01-30,44,22:00,30.0,275.0,4.58,7,10,0.8051,26.4,0.6542
2026-01-30,45,22:30,18.7,272.8,2.83,5,8,0.8327,24.7,0.566
2026-01-30,46,23:00,11.4,270.9,1.72,4,6,0.9049,13.4,0.43
2026-01-30,47,23:30,7.5,275.2,1.14,3,5,0.8908,18.5,0.3801
