date,interval_index,interval_start,volume,aht_seconds,offered_load_erlangs,required_agents,scheduled_agents,predicted_sl,predicted_asa_seconds,predicted_occupancy
2026-01-01,0,00:00,4.3,268.6,0.64,2,3,0.8595,30.7,0.3204
2026-01-01,1,00:30,4.1,279.7,0.63,2,3,0.8622,31.1,0.3162
2026-01-01,2,01:00,4.2,277.3,0.65,2,3,0.8572,32.2,0.3227
2026-01-01,3,01:30,4.2,271.8,0.64,2,3,0.8611,30.6,0.3182
2026-01-01,4,02:00,4.4,274.1,0.67,2,3,0.8473,34.7,0.3351
2026-01-01,5,02:30,4.4,275.2,0.68,2,3,0.8453,35.4,0.3375
2026-01-01,6,03:00,4.3,270.8,0.64,2,3,0.859,31.1,0.3208
2026-01-01,7,03:30,4.4,270.5,0.67,2,3,0.8484,34.0,0.334
2026-01-01,8,04:00,5.0,271.3,0.75,2,3,0.8121,44.8,0.3766
2026-01-01,9,04:30,6.2,275.8,0.94,3,5,0.9323,10.5,0.3143
2026-01-01,10,05:00,9.0,275.9,1.38,3,5,0.8273,33.0,0.4585
2026-01-01,11,05:30,15.3,268.9,2.28,5,8,0.9221,9.4,0.4563
2026-01-01,12,06:00,27.1,278.1,4.19,7,10,0.8667,16.1,0.5983
2026-01-01,13,06:30,46.9,273.1,7.11,10,15,0.8069,22.5,0.7108
2026-01-01,14,07:00,81.5,274.6,12.44,16,23,0.8022,19.8,0.7775
2026-01-01,15,07:30,131.0,273.2,19.88,25,36,0.8632,10.6,0.7952
2026-01-01,16,08:00,200.0,273.2,30.35,36,52,0.8427,11.5,0.8432
2026-01-01,17,08:30,281.4,273.9,42.83,49,70,0.8296,11.9,0.874
2026-01-01,18,09:00,367.6,274.3,56.01,63,90,0.8384,10.6,0.8891
2026-01-01,19,09:30,452.5,274.1,68.92,77,110,0.8611,8.5,0.895
2026-01-01,20,10:00,519.1,274.3,79.12,88,126,0.8748,7.4,0.8991
2026-01-01,21,10:30,559.1,273.7,85.02,95,136,0.9002,5.7,0.8949
2026-01-01,22,11:00,575.3,273.1,87.27,97,139,0.8914,6.2,0.8996
2026-01-01,23,11:30,567.9,273.9,86.42,97,139,0.9131,4.9,0.891
2026-01-01,24,12:00,547.9,274.2,83.45,93,133,0.8899,6.3,0.8974
2026-01-01,25,12:30,529.1,273.4,80.37,90,129,0.8959,6.0,0.893
2026-01-01,26,13:00,515.4,273.9,78.43,88,126,0.8964,6.0,0.8913
2026-01-01,27,13:30,518.4,273.9,78.88,88,126,0.8828,6.9,0.8964
2026-01-01,28,14:00,539.2,274.5,82.25,92,132,0.8969,5.9,0.894
2026-01-01,29,14:30,573.8,273.4,87.16,97,139,0.8943,6.0,0.8986
2026-01-01,30,15:00,617.1,273.7,93.86,105,150,0.9187,4.5,0.8939
2026-01-01,31,15:30,657.3,274.7,100.32,112,160,0.9241,4.2,0.8957
2026-01-01,32,16:00,686.7,274.2,104.61,117,168,0.9336,3.6,0.8941
2026-01-01,33,16:30,693.5,273.9,105.52,118,169,0.9345,3.6,0.8943
2026-01-01,34,17:00,669.1,274.5,102.06,114,163,0.9276,4.0,0.8952
2026-01-01,35,17:30,618.0,273.6,93.94,105,150,0.917,4.6,0.8947
2026-01-01,36,18:00,542.0,274.0,82.52,92,132,0.8892,6.4,0.8969
2026-01-01,37,18:30,453.1,274.7,69.15,77,110,0.8516,9.2,0.898
2026-01-01,38,19:00,360.5,273.9,54.86,62,89,0.8478,9.8,0.8848
2026-01-01,39,19:30,271.6,274.5,41.43,48,69,0.8539,9.9,0.8631
2026-01-01,40,20:00,196.3,273.1,29.79,35,50,0.8184,13.9,0.851
2026-01-01,41,20:30,133.9,273.9,20.37,25,36,0.827,14.4,0.8149
2026-01-01,42,21:00,87.9,272.6,13.31,17,25,0.8063,18.7,0.7827
2026-01-01,43,21:30,55.7,275.5,8.52,12,18,0.8454,15.8,0.7102
2026-01-01,44,22:00,33.8,275.0,5.17,8,12,0.8426,18.8,0.6462
2026-01-01,45,22:30,21.1,272.8,3.2,6,9,0.8971,12.3,0.5325
2026-01-01,46,23:00,12.9,270.9,1.94,4,6,0.8626,21.1,0.4855
2026-01-01,47,23:30,8.4,275.2,1.29,3,5,0.8529,26.8,0.4291
2026-01-02,0,00:00,4.2,268.6,0.62,2,3,0.8663,28.9,0.3117
2026-01-02,1,00:30,4.0,279.7,0.62,2,3,0.8689,29.2,0.3076
2026-01-02,2,01:00,4.1,277.3,0.63,2,3,0.8641,30.3,0.3139
2026-01-02,3,01:30,4.1,271.8,0.62,2,3,0.8678,28.8,0.3096
2026-01-02,4,02:00,4.3,274.1,0.65,2,3,0.8547,32.6,0.326
2026-01-02,5,02:30,4.3,275.2,0.66,2,3,0.8527,33.3,0.3284
2026-01-02,6,03:00,4.1,270.8,0.62,2,3,0.8658,29.2,0.3121
2026-01-02,7,03:30,4.3,270.5,0.65,2,3,0.8558,31.9,0.3249
2026-01-02,8,04:00,4.9,271.3,0.73,2,3,0.821,42.1,0.3664
2026-01-02,9,04:30,6.0,275.8,0.92,3,5,0.9368,9.7,0.3058
2026-01-02,10,05:00,8.7,275.9,1.34,3,5,0.8384,30.3,0.446
2026-01-02,11,05:30,14.9,268.9,2.22,5,8,0.9296,8.4,0.4439
2026-01-02,12,06:00,26.4,278.1,4.07,7,10,0.8818,13.9,0.5821
2026-01-02,13,06:30,45.6,273.1,6.92,10,15,0.8332,18.5,0.6916
2026-01-02,14,07:00,79.3,274.6,12.1,16,23,0.8374,15.2,0.7564
2026-01-02,15,07:30,127.4,273.2,19.34,24,35,0.8361,13.5,0.8059
2026-01-02,16,08:00,194.6,273.2,29.53,35,50,0.8356,12.3,0.8438
2026-01-02,17,08:30,273.8,273.9,41.67,48,69,0.8414,10.9,0.8681
2026-01-02,18,09:00,357.7,274.3,54.5,61,88,0.8177,12.4,0.8934
2026-01-02,19,09:30,440.3,274.1,67.05,75,108,0.8589,8.7,0.894
2026-01-02,20,10:00,505.0,274.3,76.98,86,123,0.8821,6.9,0.8951
2026-01-02,21,10:30,544.0,273.7,82.72,92,132,0.8832,6.8,0.8991
2026-01-02,22,11:00,559.7,273.1,84.9,95,136,0.9034,5.5,0.8937
2026-01-02,23,11:30,552.5,273.9,84.08,94,135,0.8994,5.7,0.8945
2026-01-02,24,12:00,533.1,274.2,81.19,91,130,0.8996,5.7,0.8922
2026-01-02,25,12:30,514.8,273.4,78.2,87,125,0.8737,7.5,0.8988
2026-01-02,26,13:00,501.5,273.9,76.31,85,122,0.8723,7.6,0.8977
2026-01-02,27,13:30,504.4,273.9,76.74,86,123,0.8895,6.4,0.8924
2026-01-02,28,14:00,524.6,274.5,80.02,89,128,0.8768,7.2,0.8991
2026-01-02,29,14:30,558.2,273.4,84.8,95,136,0.906,5.3,0.8926
2026-01-02,30,15:00,600.4,273.7,91.32,102,146,0.911,5.0,0.8953
2026-01-02,31,15:30,639.5,274.7,97.6,109,156,0.9206,4.4,0.8954
2026-01-02,32,16:00,668.1,274.2,101.78,114,163,0.9327,3.7,0.8928
2026-01-02,33,16:30,674.8,273.9,102.67,115,165,0.9341,3.6,0.8927
2026-01-02,34,17:00,651.0,274.5,99.29,111,159,0.9253,4.1,0.8945
2026-01-02,35,17:30,601.2,273.6,91.4,102,146,0.9091,5.1,0.896
2026-01-02,36,18:00,527.4,274.0,80.28,90,129,0.8982,5.8,0.892
2026-01-02,37,18:30,440.8,274.7,67.28,75,108,0.8495,9.4,0.897
2026-01-02,38,19:00,350.7,273.9,53.37,60,86,0.8265,11.6,0.8896
2026-01-02,39,19:30,264.3,274.5,40.31,46,66,0.8094,13.9,0.8762
2026-01-02,40,20:00,191.0,273.1,28.98,34,49,0.8088,15.0,0.8523
2026-01-02,41,20:30,130.2,273.9,19.82,25,36,0.867,10.3,0.7928
2026-01-02,42,21:00,85.5,272.6,12.95,17,25,0.8421,14.3,0.7615
2026-01-02,43,21:30,54.2,275.5,8.29,12,18,0.8693,12.7,0.6909
2026-01-02,44,22:00,32.9,275.0,5.03,8,12,0.8617,15.9,0.6287
2026-01-02,45,22:30,20.5,272.8,3.11,6,9,0.908,10.7,0.5181
2026-01-02,46,23:00,12.6,270.9,1.89,4,6,0.8735,19.0,0.4723
2026-01-02,47,23:30,8.2,275.2,1.25,3,5,0.8624,24.6,0.4175
2026-01-03,0,00:00,3.1,268.6,0.46,2,3,0.923,15.1,0.2305
2026-01-03,1,00:30,2.9,279.7,0.45,2,3,0.9245,15.3,0.2275
2026-01-03,2,01:00,3.0,277.3,0.46,2,3,0.9217,15.8,0.2321
2026-01-03,3,01:30,3.0,271.8,0.46,2,3,0.9239,15.0,0.2289
2026-01-03,4,02:00,3.2,274.1,0.48,2,3,0.9162,16.9,0.2411
2026-01-03,5,02:30,3.2,275.2,0.49,2,3,0.915,17.2,0.2428
2026-01-03,6,03:00,3.1,270.8,0.46,2,3,0.9227,15.2,0.2308
2026-01-03,7,03:30,3.2,270.5,0.48,2,3,0.9168,16.6,0.2403
2026-01-03,8,04:00,3.6,271.3,0.54,2,3,0.8963,21.5,0.2709
2026-01-03,9,04:30,4.4,275.8,0.68,2,3,0.8439,35.9,0.3392
2026-01-03,10,05:00,6.5,275.9,0.99,3,5,0.9234,12.2,0.3298
2026-01-03,11,05:30,11.0,268.9,1.64,4,6,0.9179,11.2,0.4103
2026-01-03,12,06:00,19.5,278.1,3.01,6,9,0.9187,9.4,0.5021
2026-01-03,13,06:30,33.7,273.1,5.11,8,12,0.8507,17.5,0.6392
2026-01-03,14,07:00,58.7,274.6,8.95,13,19,0.8866,10.3,0.6884
2026-01-03,15,07:30,94.2,273.2,14.3,19,28,0.8761,10.2,0.7527
2026-01-03,16,08:00,143.9,273.2,21.84,27,39,0.8544,11.2,0.8088
2026-01-03,17,08:30,202.5,273.9,30.81,36,52,0.8121,14.5,0.8558
2026-01-03,18,09:00,264.5,274.3,40.3,46,66,0.8102,13.8,0.876
2026-01-03,19,09:30,325.5,274.1,49.58,56,80,0.8248,12.0,0.8854
2026-01-03,20,10:00,373.4,274.3,56.92,64,92,0.8408,10.3,0.8893
2026-01-03,21,10:30,402.2,273.7,61.16,68,98,0.8208,11.8,0.8995
2026-01-03,22,11:00,413.8,273.1,62.78,70,100,0.8362,10.5,0.8968
2026-01-03,23,11:30,408.5,273.9,62.17,70,100,0.8624,8.5,0.8882
2026-01-03,24,12:00,394.2,274.2,60.04,67,96,0.829,11.2,0.8961
2026-01-03,25,12:30,380.7,273.4,57.82,65,93,0.8437,10.1,0.8895
2026-01-03,26,13:00,370.8,273.9,56.42,63,90,0.8173,12.3,0.8956
2026-01-03,27,13:30,372.9,273.9,56.75,64,92,0.849,9.7,0.8867
2026-01-03,28,14:00,387.9,274.5,59.17,66,95,0.8242,11.6,0.8965
2026-01-03,29,14:30,412.8,273.4,62.7,70,100,0.8396,10.2,0.8958
2026-01-03,30,15:00,444.0,273.7,67.52,76,109,0.8776,7.3,0.8884
2026-01-03,31,15:30,472.8,274.7,72.17,81,116,0.8823,7.0,0.891
2026-01-03,32,16:00,494.0,274.2,75.26,84,121,0.8752,7.4,0.896
2026-01-03,33,16:30,498.9,273.9,75.91,85,122,0.8855,6.7,0.8931
2026-01-03,34,17:00,481.4,274.5,73.42,82,118,0.8723,7.6,0.8954
2026-01-03,35,17:30,444.6,273.6,67.58,76,109,0.8755,7.5,0.8892
2026-01-03,36,18:00,390.0,274.0,59.36,66,95,0.8141,12.5,0.8995
2026-01-03,37,18:30,326.0,274.7,49.75,56,80,0.8153,12.8,0.8883
2026-01-03,38,19:00,259.3,273.9,39.47,45,65,0.8022,14.7,0.877
2026-01-03,39,19:30,195.4,274.5,29.8,35,50,0.8168,14.1,0.8515
2026-01-03,40,20:00,141.2,273.1,21.43,26,38,0.8162,15.3,0.8241
2026-01-03,41,20:30,96.3,273.9,14.66,19,28,0.8486,13.1,0.7714
2026-01-03,42,21:00,63.2,272.6,9.57,13,19,0.8255,17.9,0.7363
2026-01-03,43,21:30,40.1,275.5,6.13,9,13,0.8244,20.8,0.6812
2026-01-03,44,22:00,24.3,275.0,3.72,6,9,0.8129,26.6,0.6198
2026-01-03,45,22:30,15.2,272.8,2.3,5,8,0.9198,9.9,0.4597
2026-01-03,46,23:00,9.3,270.9,1.4,3,5,0.8211,34.0,0.4657
2026-01-03,47,23:30,6.1,275.2,0.93,3,5,0.9353,10.0,0.3087
2026-01-04,0,00:00,2.8,268.6,0.42,2,3,0.9366,12.1,0.2076
2026-01-04,1,00:30,2.6,279.7,0.41,2,3,0.9378,12.3,0.2048
2026-01-04,2,01:00,2.7,277.3,0.42,2,3,0.9355,12.7,0.209
2026-01-04,3,01:30,2.7,271.8,0.41,2,3,0.9373,12.1,0.2061
2026-01-04,4,02:00,2.9,274.1,0.43,2,3,0.9309,13.6,0.2171
2026-01-04,5,02:30,2.9,275.2,0.44,2,3,0.93,13.8,0.2186
2026-01-04,6,03:00,2.8,270.8,0.42,2,3,0.9364,12.2,0.2078
2026-01-04,7,03:30,2.9,270.5,0.43,2,3,0.9315,13.3,0.2164
2026-01-04,8,04:00,3.2,271.3,0.49,2,3,0.9144,17.2,0.2439
2026-01-04,9,04:30,4.0,275.8,0.61,2,3,0.8708,28.4,0.3054
2026-01-04,10,05:00,5.8,275.9,0.89,3,5,0.9414,8.9,0.297
2026-01-04,11,05:30,9.9,268.9,1.48,4,6,0.9409,7.6,0.3695
2026-01-04,12,06:00,17.6,278.1,2.71,5,8,0.8549,20.8,0.5426
2026-01-04,13,06:30,30.3,273.1,4.6,7,10,0.8007,27.1,0.6578
2026-01-04,14,07:00,52.8,274.6,8.06,12,18,0.8906,10.2,0.6715
2026-01-04,15,07:30,84.9,273.2,12.88,17,25,0.8481,13.6,0.7575
2026-01-04,16,08:00,129.6,273.2,19.66,24,35,0.8093,16.5,0.8193
2026-01-04,17,08:30,182.3,273.9,27.74,33,48,0.8301,13.0,0.8407
2026-01-04,18,09:00,238.1,274.3,36.28,42,61,0.8242,12.8,0.8639
2026-01-04,19,09:30,293.1,274.1,44.64,51,73,0.8342,11.4,0.8754
2026-01-04,20,10:00,336.3,274.3,51.25,58,83,0.8374,10.8,0.8836
2026-01-04,21,10:30,362.2,273.7,55.07,62,89,0.8376,10.6,0.8883
2026-01-04,22,11:00,372.6,273.1,56.53,63,90,0.8117,12.8,0.8973
2026-01-04,23,11:30,367.8,273.9,55.98,63,90,0.8398,10.4,0.8886
2026-01-04,24,12:00,354.9,274.2,54.06,61,88,0.8403,10.5,0.8862
2026-01-04,25,12:30,342.8,273.4,52.06,59,85,0.8447,10.2,0.8824
2026-01-04,26,13:00,333.9,273.9,50.81,57,82,0.8095,13.2,0.8913
2026-01-04,27,13:30,335.8,273.9,51.1,58,83,0.8452,10.2,0.881
2026-01-04,28,14:00,349.3,274.5,53.28,60,86,0.8314,11.2,0.888
2026-01-04,29,14:30,371.7,273.4,56.46,63,90,0.8154,12.5,0.8962
2026-01-04,30,15:00,399.8,273.7,60.8,68,98,0.8388,10.4,0.8941
2026-01-04,31,15:30,425.8,274.7,64.98,73,105,0.8648,8.3,0.8902
2026-01-04,32,16:00,444.9,274.2,67.77,76,109,0.8685,8.0,0.8917
2026-01-04,33,16:30,449.3,273.9,68.36,76,109,0.8447,9.7,0.8994
2026-01-04,34,17:00,433.4,274.5,66.11,74,106,0.8581,8.8,0.8934
2026-01-04,35,17:30,400.3,273.6,60.85,68,98,0.8363,10.6,0.8949
2026-01-04,36,18:00,351.1,274.0,53.45,60,86,0.8222,12.0,0.8909
2026-01-04,37,18:30,293.5,274.7,44.79,51,73,0.8257,12.1,0.8783
2026-01-04,38,19:00,233.5,273.9,35.54,41,59,0.8113,14.1,0.8668
2026-01-04,39,19:30,176.0,274.5,26.84,32,46,0.8282,13.3,0.8386
2026-01-04,40,20:00,127.2,273.1,19.29,24,35,0.8398,13.1,0.8039
2026-01-04,41,20:30,86.7,273.9,13.2,17,25,0.8175,17.3,0.7763
2026-01-04,42,21:00,56.9,272.6,8.62,12,18,0.8349,17.1,0.7183
2026-01-04,43,21:30,36.1,275.5,5.52,9,13,0.8974,10.5,0.6134
2026-01-04,44,22:00,21.9,275.0,3.35,6,9,0.8757,15.6,0.5581
2026-01-04,45,22:30,13.7,272.8,2.07,4,6,0.8338,27.1,0.5174
2026-01-04,46,23:00,8.4,270.9,1.26,3,5,0.8612,24.5,0.4193
2026-01-04,47,23:30,5.5,275.2,0.83,3,5,0.9506,7.3,0.278
2026-01-05,0,00:00,4.7,268.6,0.71,2,3,0.8327,38.2,0.353
2026-01-05,1,00:30,4.5,279.7,0.7,2,3,0.836,38.6,0.3483
2026-01-05,2,01:00,4.6,277.3,0.71,2,3,0.8301,40.1,0.3555
2026-01-05,3,01:30,4.6,271.8,0.7,2,3,0.8346,38.1,0.3505
2026-01-05,4,02:00,4.8,274.1,0.74,2,3,0.8184,43.2,0.3692
2026-01-05,5,02:30,4.9,275.2,0.74,2,3,0.816,44.2,0.3718
2026-01-05,6,03:00,4.7,270.8,0.71,2,3,0.8322,38.7,0.3534
2026-01-05,7,03:30,4.9,270.5,0.74,2,3,0.8197,42.3,0.3679
2026-01-05,8,04:00,5.5,271.3,0.83,3,5,0.9514,7.1,0.2766
2026-01-05,9,04:30,6.8,275.8,1.04,3,5,0.9135,14.0,0.3462
2026-01-05,10,05:00,9.9,275.9,1.52,4,6,0.9358,8.5,0.3788
2026-01-05,11,05:30,16.8,268.9,2.51,5,8,0.8897,14.4,0.5027
2026-01-05,12,06:00,29.9,278.1,4.61,8,12,0.9086,9.6,0.5767
2026-01-05,13,06:30,51.6,273.1,7.83,11,16,0.8257,18.9,0.7119
2026-01-05,14,07:00,89.8,274.6,13.7,18,26,0.8534,12.8,0.7613
2026-01-05,15,07:30,144.3,273.2,21.9,27,39,0.8501,11.7,0.8111
2026-01-05,16,08:00,220.3,273.2,33.44,39,56,0.8255,12.9,0.8574
2026-01-05,17,08:30,310.1,273.9,47.18,54,78,0.8506,9.9,0.8737
2026-01-05,18,09:00,405.0,274.3,61.71,69,99,0.8411,10.2,0.8943
2026-01-05,19,09:30,498.5,274.1,75.92,85,122,0.8851,6.7,0.8932
2026-01-05,20,10:00,571.9,274.3,87.16,97,139,0.894,6.1,0.8986
2026-01-05,21,10:30,616.0,273.7,93.66,105,150,0.9229,4.3,0.892
2026-01-05,22,11:00,633.7,273.1,96.14,107,153,0.911,5.0,0.8985
2026-01-05,23,11:30,625.6,273.9,95.21,106,152,0.9099,5.0,0.8982
2026-01-05,24,12:00,603.6,274.2,91.94,103,148,0.9186,4.5,0.8926
2026-01-05,25,12:30,582.9,273.4,88.54,99,142,0.9085,5.1,0.8944
2026-01-05,26,13:00,567.8,273.9,86.4,97,139,0.9136,4.8,0.8908
2026-01-05,27,13:30,571.1,273.9,86.9,97,139,0.9013,5.6,0.8959
2026-01-05,28,14:00,594.1,274.5,90.61,101,145,0.9047,5.4,0.8971
2026-01-05,29,14:30,632.1,273.4,96.02,107,153,0.9135,4.8,0.8974
2026-01-05,30,15:00,679.9,273.7,103.4,115,165,0.9204,4.4,0.8991
2026-01-05,31,15:30,724.1,274.7,110.51,123,176,0.9313,3.8,0.8985
2026-01-05,32,16:00,756.5,274.2,115.25,129,185,0.9473,2.9,0.8934
2026-01-05,33,16:30,764.0,273.9,116.25,130,186,0.9468,2.9,0.8942
2026-01-05,34,17:00,737.1,274.5,112.43,125,179,0.9315,3.7,0.8994
2026-01-05,35,17:30,680.8,273.6,103.49,115,165,0.9186,4.5,0.8999
2026-01-05,36,18:00,597.1,274.0,90.91,102,146,0.9202,4.4,0.8912
2026-01-05,37,18:30,499.2,274.7,76.18,85,122,0.8766,7.3,0.8962
2026-01-05,38,19:00,397.1,273.9,60.44,68,98,0.8551,9.1,0.8888
2026-01-05,39,19:30,299.3,274.5,45.64,52,75,0.8317,11.5,0.8777
2026-01-05,40,20:00,216.3,273.1,32.81,38,55,0.8038,15.1,0.8635
2026-01-05,41,20:30,147.5,273.9,22.44,27,39,0.8087,16.0,0.8312
2026-01-05,42,21:00,96.8,272.6,14.66,19,28,0.8486,13.1,0.7715
2026-01-05,43,21:30,61.3,275.5,9.39,13,19,0.8452,15.3,0.7222
2026-01-05,44,22:00,37.3,275.0,5.7,9,13,0.8793,12.8,0.6328
2026-01-05,45,22:30,23.2,272.8,3.52,6,9,0.849,19.9,0.5866
2026-01-05,46,23:00,14.2,270.9,2.14,4,6,0.817,30.6,0.5348
2026-01-05,47,23:30,9.3,275.2,1.42,3,5,0.8142,36.3,0.4727
2026-01-06,0,00:00,4.3,268.6,0.64,2,3,0.8607,30.4,0.3188
2026-01-06,1,00:30,4.0,279.7,0.63,2,3,0.8635,30.7,0.3146
2026-01-06,2,01:00,4.2,277.3,0.64,2,3,0.8585,31.9,0.3211
2026-01-06,3,01:30,4.2,271.8,0.63,2,3,0.8623,30.3,0.3166
2026-01-06,4,02:00,4.4,274.1,0.67,2,3,0.8487,34.3,0.3334
2026-01-06,5,02:30,4.4,275.2,0.67,2,3,0.8467,35.0,0.3358
2026-01-06,6,03:00,4.2,270.8,0.64,2,3,0.8603,30.7,0.3192
2026-01-06,7,03:30,4.4,270.5,0.66,2,3,0.8498,33.6,0.3323
2026-01-06,8,04:00,5.0,271.3,0.75,2,3,0.8137,44.3,0.3747
2026-01-06,9,04:30,6.1,275.8,0.94,3,5,0.9331,10.4,0.3127
2026-01-06,10,05:00,8.9,275.9,1.37,3,5,0.8294,32.5,0.4562
2026-01-06,11,05:30,15.2,268.9,2.27,5,8,0.9236,9.2,0.454
2026-01-06,12,06:00,27.0,278.1,4.17,7,10,0.8696,15.7,0.5953
2026-01-06,13,06:30,46.6,273.1,7.07,10,15,0.8119,21.7,0.7073
2026-01-06,14,07:00,81.1,274.6,12.38,16,23,0.8091,18.8,0.7736
2026-01-06,15,07:30,130.3,273.2,19.78,25,36,0.8697,10.0,0.7912
2026-01-06,16,08:00,199.0,273.2,30.2,36,52,0.8519,10.7,0.8389
2026-01-06,17,08:30,280.0,273.9,42.61,49,70,0.8415,10.8,0.8697
2026-01-06,18,09:00,365.8,274.3,55.73,62,89,0.802,13.7,0.8989
2026-01-06,19,09:30,450.3,274.1,68.57,77,110,0.8741,7.6,0.8906
2026-01-06,20,10:00,516.5,274.3,78.72,88,126,0.8876,6.5,0.8946
2026-01-06,21,10:30,556.3,273.7,84.59,94,135,0.8847,6.7,0.8999
2026-01-06,22,11:00,572.4,273.1,86.83,97,139,0.9033,5.5,0.8952
2026-01-06,23,11:30,565.0,273.9,85.99,96,138,0.8997,5.7,0.8958
2026-01-06,24,12:00,545.2,274.2,83.04,93,133,0.9017,5.6,0.8929
2026-01-06,25,12:30,526.5,273.4,79.97,89,128,0.8788,7.1,0.8985
2026-01-06,26,13:00,512.9,273.9,78.04,87,125,0.8789,7.1,0.897
2026-01-06,27,13:30,515.8,273.9,78.49,88,126,0.8948,6.1,0.8919
2026-01-06,28,14:00,536.5,274.5,81.84,91,130,0.8804,7.0,0.8993
2026-01-06,29,14:30,570.9,273.4,86.72,97,139,0.9059,5.3,0.8941
2026-01-06,30,15:00,614.1,273.7,93.39,104,149,0.9075,5.2,0.898
2026-01-06,31,15:30,654.0,274.7,99.82,111,159,0.9144,4.7,0.8992
2026-01-06,32,16:00,683.3,274.2,104.09,116,166,0.9256,4.1,0.8973
2026-01-06,33,16:30,690.1,273.9,105.0,117,168,0.9268,4.0,0.8974
2026-01-06,34,17:00,665.8,274.5,101.55,113,162,0.9187,4.5,0.8986
2026-01-06,35,17:30,614.9,273.6,93.47,104,149,0.9055,5.3,0.8988
2026-01-06,36,18:00,539.3,274.0,82.11,92,132,0.9009,5.6,0.8925
2026-01-06,37,18:30,450.9,274.7,68.8,77,110,0.8654,8.2,0.8935
2026-01-06,38,19:00,358.7,273.9,54.59,61,88,0.8127,12.8,0.8949
2026-01-06,39,19:30,270.3,274.5,41.22,47,68,0.8117,13.6,0.877
2026-01-06,40,20:00,195.3,273.1,29.64,35,50,0.8286,12.9,0.8468
2026-01-06,41,20:30,133.2,273.9,20.27,25,36,0.835,13.5,0.8108
2026-01-06,42,21:00,87.4,272.6,13.24,17,25,0.8133,17.8,0.7788
2026-01-06,43,21:30,55.4,275.5,8.48,12,18,0.85,15.2,0.7066
2026-01-06,44,22:00,33.7,275.0,5.14,8,12,0.8463,18.2,0.643
2026-01-06,45,22:30,21.0,272.8,3.18,6,9,0.8992,12.0,0.5298
2026-01-06,46,23:00,12.8,270.9,1.93,4,6,0.8646,20.7,0.4831
2026-01-06,47,23:30,8.4,275.2,1.28,3,5,0.8547,26.4,0.427
2026-01-07,0,00:00,4.2,268.6,0.63,2,3,0.8646,29.3,0.3138
2026-01-07,1,00:30,4.0,279.7,0.62,2,3,0.8673,29.7,0.3097
2026-01-07,2,01:00,4.1,277.3,0.63,2,3,0.8625,30.8,0.316
2026-01-07,3,01:30,4.1,271.8,0.62,2,3,0.8662,29.2,0.3116
2026-01-07,4,02:00,4.3,274.1,0.66,2,3,0.8529,33.1,0.3282
2026-01-07,5,02:30,4.3,275.2,0.66,2,3,0.851,33.8,0.3306
2026-01-07,6,03:00,4.2,270.8,0.63,2,3,0.8642,29.7,0.3142
2026-01-07,7,03:30,4.4,270.5,0.65,2,3,0.854,32.4,0.3271
2026-01-07,8,04:00,4.9,271.3,0.74,2,3,0.8189,42.7,0.3688
2026-01-07,9,04:30,6.0,275.8,0.92,3,5,0.9358,9.9,0.3078
2026-01-07,10,05:00,8.8,275.9,1.35,3,5,0.8358,30.9,0.449
2026-01-07,11,05:30,15.0,268.9,2.23,5,8,0.9278,8.6,0.4469
2026-01-07,12,06:00,26.5,278.1,4.1,7,10,0.8783,14.4,0.586
2026-01-07,13,06:30,45.9,273.1,6.96,10,15,0.8271,19.4,0.6962
2026-01-07,14,07:00,79.9,274.6,12.18,16,23,0.8294,16.2,0.7615
2026-01-07,15,07:30,128.3,273.2,19.47,24,35,0.8257,14.6,0.8113
2026-01-07,16,08:00,195.9,273.2,29.73,35,50,0.8223,13.5,0.8494
2026-01-07,17,08:30,275.7,273.9,41.95,48,69,0.8256,12.3,0.8739
2026-01-07,18,09:00,360.1,274.3,54.86,62,89,0.8477,9.8,0.8848
2026-01-07,19,09:30,443.2,274.1,67.5,76,109,0.8782,7.3,0.8882
2026-01-07,20,10:00,508.4,274.3,77.49,87,125,0.8958,6.0,0.8907
2026-01-07,21,10:30,547.6,273.7,83.27,93,133,0.8954,6.0,0.8954
2026-01-07,22,11:00,563.4,273.1,85.47,95,136,0.8875,6.5,0.8997
2026-01-07,23,11:30,556.2,273.9,84.65,95,136,0.9097,5.1,0.891
2026-01-07,24,12:00,536.6,274.2,81.74,91,130,0.8836,6.8,0.8982
2026-01-07,25,12:30,518.2,273.4,78.72,88,126,0.888,6.5,0.8945
2026-01-07,26,13:00,504.8,273.9,76.82,86,123,0.8873,6.6,0.8932
2026-01-07,27,13:30,507.7,273.9,77.26,86,123,0.8727,7.5,0.8983
2026-01-07,28,14:00,528.1,274.5,80.55,90,129,0.8903,6.3,0.895
2026-01-07,29,14:30,562.0,273.4,85.37,95,136,0.8905,6.3,0.8986
2026-01-07,30,15:00,604.5,273.7,91.93,103,148,0.919,4.5,0.8925
2026-01-07,31,15:30,643.7,274.7,98.25,110,158,0.9268,4.0,0.8932
2026-01-07,32,16:00,672.6,274.2,102.46,114,163,0.9197,4.4,0.8988
2026-01-07,33,16:30,679.3,273.9,103.35,115,165,0.9213,4.3,0.8987
2026-01-07,34,17:00,655.4,274.5,99.96,112,160,0.9309,3.8,0.8925
2026-01-07,35,17:30,605.2,273.6,92.01,103,148,0.9172,4.6,0.8933
2026-01-07,36,18:00,530.9,274.0,80.82,90,129,0.8822,6.9,0.898
2026-01-07,37,18:30,443.8,274.7,67.73,76,109,0.8699,7.9,0.8911
2026-01-07,38,19:00,353.1,273.9,53.73,60,86,0.8067,13.3,0.8955
2026-01-07,39,19:30,266.1,274.5,40.57,47,68,0.8491,10.3,0.8633
2026-01-07,40,20:00,192.3,273.1,29.17,35,50,0.8577,10.2,0.8335
2026-01-07,41,20:30,131.1,273.9,19.95,25,36,0.8581,11.1,0.7981
2026-01-07,42,21:00,86.1,272.6,13.03,17,25,0.834,15.3,0.7666
2026-01-07,43,21:30,54.5,275.5,8.35,12,18,0.8638,13.4,0.6956
2026-01-07,44,22:00,33.1,275.0,5.06,8,12,0.8573,16.5,0.6329
2026-01-07,45,22:30,20.6,272.8,3.13,6,9,0.9054,11.1,0.5216
2026-01-07,46,23:00,12.6,270.9,1.9,4,6,0.8709,19.5,0.4755
2026-01-07,47,23:30,8.2,275.2,1.26,3,5,0.8602,25.1,0.4203
2026-01-08,0,00:00,4.2,268.6,0.63,2,3,0.864,29.5,0.3147
2026-01-08,1,00:30,4.0,279.7,0.62,2,3,0.8667,29.9,0.3105
2026-01-08,2,01:00,4.1,277.3,0.63,2,3,0.8618,31.0,0.3169
2026-01-08,3,01:30,4.1,271.8,0.62,2,3,0.8655,29.4,0.3125
2026-01-08,4,02:00,4.3,274.1,0.66,2,3,0.8522,33.3,0.3291
2026-01-08,5,02:30,4.3,275.2,0.66,2,3,0.8502,34.0,0.3315
2026-01-08,6,03:00,4.2,270.8,0.63,2,3,0.8635,29.9,0.3151
2026-01-08,7,03:30,4.4,270.5,0.66,2,3,0.8533,32.6,0.328
2026-01-08,8,04:00,4.9,271.3,0.74,2,3,0.818,43.0,0.3698
2026-01-08,9,04:30,6.0,275.8,0.93,3,5,0.9353,10.0,0.3087
2026-01-08,10,05:00,8.8,275.9,1.35,3,5,0.8347,31.2,0.4502
2026-01-08,11,05:30,15.0,268.9,2.24,5,8,0.9271,8.7,0.4481
2026-01-08,12,06:00,26.6,278.1,4.11,7,10,0.8769,14.6,0.5875
2026-01-08,13,06:30,46.0,273.1,6.98,10,15,0.8246,19.8,0.6981
2026-01-08,14,07:00,80.1,274.6,12.22,16,23,0.8261,16.6,0.7635
2026-01-08,15,07:30,128.6,273.2,19.52,24,35,0.8214,15.1,0.8135
2026-01-08,16,08:00,196.4,273.2,29.81,35,50,0.8166,14.1,0.8517
2026-01-08,17,08:30,276.4,273.9,42.06,48,69,0.8189,12.9,0.8762
2026-01-08,18,09:00,361.0,274.3,55.01,62,89,0.8407,10.4,0.8872
2026-01-08,19,09:30,444.4,274.1,67.68,76,109,0.8716,7.8,0.8906
2026-01-08,20,10:00,509.8,274.3,77.7,87,125,0.8895,6.4,0.8931
2026-01-08,21,10:30,549.1,273.7,83.49,93,133,0.8888,6.4,0.8978
2026-01-08,22,11:00,565.0,273.1,85.7,96,138,0.9076,5.2,0.8927
2026-01-08,23,11:30,557.7,273.9,84.88,95,136,0.9039,5.4,0.8934
2026-01-08,24,12:00,538.1,274.2,81.96,92,132,0.9048,5.4,0.8908
2026-01-08,25,12:30,519.6,273.4,78.93,88,126,0.8813,6.9,0.8969
2026-01-08,26,13:00,506.2,273.9,77.02,86,123,0.8806,7.0,0.8956
2026-01-08,27,13:30,509.1,273.9,77.47,87,125,0.8966,6.0,0.8904
2026-01-08,28,14:00,529.6,274.5,80.77,90,129,0.8836,6.8,0.8975
2026-01-08,29,14:30,563.5,273.4,85.6,96,138,0.91,5.1,0.8916
2026-01-08,30,15:00,606.1,273.7,92.17,103,148,0.9134,4.8,0.8949
2026-01-08,31,15:30,645.5,274.7,98.52,110,158,0.9215,4.3,0.8956
2026-01-08,32,16:00,674.4,274.2,102.74,115,165,0.9328,3.7,0.8934
2026-01-08,33,16:30,681.1,273.9,103.63,116,166,0.934,3.6,0.8934
2026-01-08,34,17:00,657.1,274.5,100.23,112,160,0.9259,4.1,0.8949
2026-01-08,35,17:30,606.9,273.6,92.26,103,148,0.9116,4.9,0.8957
2026-01-08,36,18:00,532.3,274.0,81.04,91,130,0.9038,5.5,0.8905
2026-01-08,37,18:30,445.0,274.7,67.91,76,109,0.8629,8.4,0.8935
2026-01-08,38,19:00,354.0,273.9,53.88,61,88,0.8491,9.8,0.8832
2026-01-08,39,19:30,266.8,274.5,40.68,47,68,0.8432,10.8,0.8656
2026-01-08,40,20:00,192.8,273.1,29.25,35,50,0.8531,10.6,0.8358
2026-01-08,41,20:30,131.5,273.9,20.01,25,36,0.8544,11.5,0.8003
2026-01-08,42,21:00,86.3,272.6,13.07,17,25,0.8306,15.7,0.7687
2026-01-08,43,21:30,54.7,275.5,8.37,12,18,0.8615,13.7,0.6974
2026-01-08,44,22:00,33.2,275.0,5.08,8,12,0.8554,16.8,0.6346
2026-01-08,45,22:30,20.7,272.8,3.14,6,9,0.9044,11.2,0.523
2026-01-08,46,23:00,12.7,270.9,1.91,4,6,0.8699,19.7,0.4768
2026-01-08,47,23:30,8.3,275.2,1.26,3,5,0.8593,25.3,0.4214
2026-01-09,0,00:00,4.1,268.6,0.62,2,3,0.8686,28.3,0.3087
2026-01-09,1,00:30,3.9,279.7,0.61,2,3,0.8712,28.6,0.3046
2026-01-09,2,01:00,4.0,277.3,0.62,2,3,0.8665,29.7,0.3109
2026-01-09,3,01:30,4.1,271.8,0.61,2,3,0.8701,28.2,0.3065
2026-01-09,4,02:00,4.2,274.1,0.65,2,3,0.8573,31.9,0.3228
2026-01-09,5,02:30,4.3,275.2,0.65,2,3,0.8553,32.5,0.3252
2026-01-09,6,03:00,4.1,270.8,0.62,2,3,0.8682,28.6,0.3091
2026-01-09,7,03:30,4.3,270.5,0.64,2,3,0.8583,31.2,0.3218
2026-01-09,8,04:00,4.8,271.3,0.73,2,3,0.8242,41.1,0.3628
2026-01-09,9,04:30,5.9,275.8,0.91,3,5,0.9384,9.5,0.3028
2026-01-09,10,05:00,8.6,275.9,1.33,3,5,0.8422,29.4,0.4417
2026-01-09,11,05:30,14.7,268.9,2.2,4,6,0.8022,33.8,0.5495
2026-01-09,12,06:00,26.1,278.1,4.03,7,10,0.8869,13.1,0.5764
2026-01-09,13,06:30,45.1,273.1,6.85,10,15,0.8418,17.3,0.6848
2026-01-09,14,07:00,78.6,274.6,11.98,16,23,0.8486,13.9,0.749
2026-01-09,15,07:30,126.2,273.2,19.15,24,35,0.8505,12.0,0.798
2026-01-09,16,08:00,192.7,273.2,29.24,35,50,0.8536,10.6,0.8355
2026-01-09,17,08:30,271.1,273.9,41.26,47,68,0.8094,13.8,0.8779
2026-01-09,18,09:00,354.2,274.3,53.96,61,88,0.845,10.1,0.8846
2026-01-09,19,09:30,436.0,274.1,66.4,74,106,0.8462,9.7,0.8972
2026-01-09,20,10:00,500.1,274.3,76.22,85,122,0.8752,7.4,0.8967
2026-01-09,21,10:30,538.7,273.7,81.91,92,132,0.9063,5.3,0.8903
2026-01-09,22,11:00,554.2,273.1,84.07,94,135,0.9,5.7,0.8944
2026-01-09,23,11:30,547.1,273.9,83.26,93,133,0.8956,6.0,0.8953
2026-01-09,24,12:00,527.8,274.2,80.4,90,129,0.8949,6.0,0.8933
2026-01-09,25,12:30,509.8,273.4,77.43,87,125,0.8978,5.9,0.89
2026-01-09,26,13:00,496.6,273.9,75.56,84,121,0.8646,8.1,0.8995
2026-01-09,27,13:30,499.4,273.9,75.99,85,122,0.8829,6.9,0.894
2026-01-09,28,14:00,519.5,274.5,79.24,89,128,0.9006,5.7,0.8903
2026-01-09,29,14:30,552.8,273.4,83.97,94,135,0.9026,5.5,0.8933
2026-01-09,30,15:00,594.6,273.7,90.42,101,145,0.9094,5.1,0.8953
2026-01-09,31,15:30,633.2,274.7,96.64,108,155,0.9205,4.4,0.8949
2026-01-09,32,16:00,661.6,274.2,100.78,112,160,0.9145,4.7,0.8999
2026-01-09,33,16:30,668.1,273.9,101.66,113,162,0.9164,4.6,0.8996
2026-01-09,34,17:00,644.6,274.5,98.32,110,158,0.9256,4.1,0.8938
2026-01-09,35,17:30,595.3,273.6,90.5,101,145,0.9075,5.2,0.896
2026-01-09,36,18:00,522.2,274.0,79.5,89,128,0.8933,6.2,0.8932
2026-01-09,37,18:30,436.5,274.7,66.62,75,108,0.8754,7.5,0.8882
2026-01-09,38,19:00,347.3,273.9,52.85,59,85,0.802,13.8,0.8958
2026-01-09,39,19:30,261.7,274.5,39.91,46,66,0.8336,11.7,0.8676
2026-01-09,40,20:00,189.1,273.1,28.69,34,49,0.8291,13.0,0.844
2026-01-09,41,20:30,129.0,273.9,19.63,24,35,0.8124,16.2,0.8178
2026-01-09,42,21:00,84.6,272.6,12.82,17,25,0.8534,13.0,0.7541
2026-01-09,43,21:30,53.6,275.5,8.21,12,18,0.877,11.8,0.6842
2026-01-09,44,22:00,32.6,275.0,4.98,8,12,0.868,15.0,0.6225
2026-01-09,45,22:30,20.3,272.8,3.08,6,9,0.9116,10.2,0.513
2026-01-09,46,23:00,12.4,270.9,1.87,4,6,0.8772,18.3,0.4677
2026-01-09,47,23:30,8.1,275.2,1.24,3,5,0.8657,23.9,0.4134
2026-01-10,0,00:00,3.0,268.6,0.45,2,3,0.9249,14.7,0.2275
2026-01-10,1,00:30,2.9,279.7,0.45,2,3,0.9263,14.8,0.2245
2026-01-10,2,01:00,3.0,277.3,0.46,2,3,0.9236,15.4,0.2291
2026-01-10,3,01:30,3.0,271.8,0.45,2,3,0.9257,14.6,0.2259
2026-01-10,4,02:00,3.1,274.1,0.48,2,3,0.9182,16.4,0.2379
2026-01-10,5,02:30,3.1,275.2,0.48,2,3,0.9171,16.8,0.2396
2026-01-10,6,03:00,3.0,270.8,0.46,2,3,0.9246,14.8,0.2277
2026-01-10,7,03:30,3.2,270.5,0.47,2,3,0.9188,16.1,0.2371
2026-01-10,8,04:00,3.5,271.3,0.53,2,3,0.8988,20.9,0.2673
2026-01-10,9,04:30,4.4,275.8,0.67,2,3,0.8476,34.8,0.3347
2026-01-10,10,05:00,6.4,275.9,0.98,3,5,0.926,11.7,0.3254
2026-01-10,11,05:30,10.8,268.9,1.62,4,6,0.9212,10.6,0.4049
2026-01-10,12,06:00,19.2,278.1,2.97,5,8,0.8016,31.5,0.5946
2026-01-10,13,06:30,33.3,273.1,5.05,8,12,0.8598,16.1,0.6308
2026-01-10,14,07:00,57.9,274.6,8.83,12,18,0.8088,20.9,0.7359
2026-01-10,15,07:30,93.0,273.2,14.11,18,26,0.8162,17.2,0.784
2026-01-10,16,08:00,142.0,273.2,21.55,26,38,0.8062,16.5,0.8287
2026-01-10,17,08:30,199.8,273.9,30.4,36,52,0.8395,11.8,0.8445
2026-01-10,18,09:00,261.0,274.3,39.76,46,66,0.8421,10.9,0.8644
2026-01-10,19,09:30,321.2,274.1,48.92,55,79,0.8075,13.5,0.8895
2026-01-10,20,10:00,368.5,274.3,56.16,63,90,0.8308,11.2,0.8915
2026-01-10,21,10:30,396.9,273.7,60.35,68,98,0.8587,8.8,0.8875
2026-01-10,22,11:00,408.4,273.1,61.95,69,99,0.8299,11.0,0.8978
2026-01-10,23,11:30,403.1,273.9,61.35,69,99,0.8569,9.0,0.8891
2026-01-10,24,12:00,388.9,274.2,59.24,66,95,0.8206,11.9,0.8976
2026-01-10,25,12:30,375.6,273.4,57.05,64,92,0.8345,10.8,0.8915
2026-01-10,26,13:00,365.9,273.9,55.68,62,89,0.8054,13.4,0.898
2026-01-10,27,13:30,368.0,273.9,56.0,63,90,0.8393,10.5,0.8888
2026-01-10,28,14:00,382.8,274.5,58.38,65,93,0.8149,12.4,0.8982
2026-01-10,29,14:30,407.3,273.4,61.87,69,99,0.8335,10.8,0.8967
2026-01-10,30,15:00,438.1,273.7,66.63,75,108,0.8753,7.5,0.8884
2026-01-10,31,15:30,466.6,274.7,71.21,80,115,0.8822,7.0,0.8902
2026-01-10,32,16:00,487.5,274.2,74.26,83,119,0.8765,7.3,0.8947
2026-01-10,33,16:30,492.3,273.9,74.91,84,121,0.8869,6.6,0.8918
2026-01-10,34,17:00,475.0,274.5,72.45,81,116,0.8727,7.6,0.8944
2026-01-10,35,17:30,438.7,273.6,66.69,75,108,0.8732,7.7,0.8891
2026-01-10,36,18:00,384.8,274.0,58.58,66,95,0.8526,9.4,0.8875
2026-01-10,37,18:30,321.7,274.7,49.09,56,80,0.8501,9.9,0.8765
2026-01-10,38,19:00,255.9,273.9,38.94,45,65,0.8349,11.6,0.8654
2026-01-10,39,19:30,192.8,274.5,29.41,35,50,0.8432,11.6,0.8402
2026-01-10,40,20:00,139.4,273.1,21.14,26,38,0.8385,13.0,0.8132
2026-01-10,41,20:30,95.0,273.9,14.46,19,28,0.8641,11.4,0.7611
2026-01-10,42,21:00,62.4,272.6,9.45,13,19,0.8396,16.0,0.7266
2026-01-10,43,21:30,39.5,275.5,6.05,9,13,0.8357,19.0,0.6722
2026-01-10,44,22:00,24.0,275.0,3.67,6,9,0.8222,24.9,0.6116
2026-01-10,45,22:30,15.0,272.8,2.27,5,8,0.9236,9.3,0.4536
2026-01-10,46,23:00,9.2,270.9,1.38,3,5,0.8267,32.6,0.4595
2026-01-10,47,23:30,6.0,275.2,0.91,3,5,0.9375,9.6,0.3046
2026-01-11,0,00:00,2.7,268.6,0.41,2,3,0.9383,11.7,0.2045
2026-01-11,1,00:30,2.6,279.7,0.4,2,3,0.9395,11.9,0.2018
2026-01-11,2,01:00,2.7,277.3,0.41,2,3,0.9373,12.3,0.2059
2026-01-11,3,01:30,2.7,271.8,0.41,2,3,0.939,11.7,0.2031
2026-01-11,4,02:00,2.8,274.1,0.43,2,3,0.9328,13.1,0.2139
2026-01-11,5,02:30,2.8,275.2,0.43,2,3,0.9319,13.4,0.2154
2026-01-11,6,03:00,2.7,270.8,0.41,2,3,0.9381,11.9,0.2048
2026-01-11,7,03:30,2.8,270.5,0.43,2,3,0.9333,12.9,0.2132
2026-01-11,8,04:00,3.2,271.3,0.48,2,3,0.9167,16.6,0.2404
2026-01-11,9,04:30,3.9,275.8,0.6,2,3,0.8742,27.5,0.3009
2026-01-11,10,05:00,5.7,275.9,0.88,3,5,0.9436,8.6,0.2926
2026-01-11,11,05:30,9.7,268.9,1.46,3,5,0.8026,38.6,0.4854
2026-01-11,12,06:00,17.3,278.1,2.67,5,8,0.8622,19.5,0.5346
2026-01-11,13,06:30,29.9,273.1,4.54,7,10,0.8128,24.9,0.6481
2026-01-11,14,07:00,52.0,274.6,7.94,11,16,0.8113,21.2,0.7218
2026-01-11,15,07:30,83.6,273.2,12.69,17,25,0.8643,11.8,0.7464
2026-01-11,16,08:00,127.7,273.2,19.37,24,35,0.8336,13.8,0.8072
2026-01-11,17,08:30,179.6,273.9,27.33,33,48,0.8564,10.5,0.8283
2026-01-11,18,09:00,234.6,274.3,35.75,42,61,0.8554,10.0,0.8512
2026-01-11,19,09:30,288.8,274.1,43.99,50,72,0.8173,12.9,0.8797
2026-01-11,20,10:00,331.3,274.3,50.5,57,82,0.8268,11.7,0.8859
2026-01-11,21,10:30,356.9,273.7,54.26,61,88,0.8302,11.3,0.8896
2026-01-11,22,11:00,367.2,273.1,55.7,62,89,0.8044,13.4,0.8983
2026-01-11,23,11:30,362.4,273.9,55.16,62,89,0.8332,11.0,0.8897
2026-01-11,24,12:00,349.7,274.2,53.26,60,86,0.8322,11.2,0.8877
2026-01-11,25,12:30,337.7,273.4,51.3,58,83,0.8353,11.0,0.8844
2026-01-11,26,13:00,329.0,273.9,50.06,57,82,0.8494,9.9,0.8782
2026-01-11,27,13:30,330.9,273.9,50.35,57,82,0.835,11.0,0.8833
2026-01-11,28,14:00,344.2,274.5,52.49,59,85,0.8222,12.1,0.8897
2026-01-11,29,14:30,366.2,273.4,55.63,62,89,0.8081,13.1,0.8973
2026-01-11,30,15:00,393.9,273.7,59.9,67,96,0.8356,10.6,0.8941
2026-01-11,31,15:30,419.5,274.7,64.03,72,103,0.8647,8.3,0.8893
2026-01-11,32,16:00,438.3,274.2,66.77,75,108,0.8699,7.9,0.8903
2026-01-11,33,16:30,442.7,273.9,67.35,75,108,0.8466,9.6,0.898
2026-01-11,34,17:00,427.1,274.5,65.14,73,105,0.8587,8.8,0.8923
2026-01-11,35,17:30,394.4,273.6,59.96,67,96,0.8331,10.8,0.8949
2026-01-11,36,18:00,346.0,274.0,52.67,59,85,0.8127,12.9,0.8927
2026-01-11,37,18:30,289.2,274.7,44.13,50,72,0.8081,13.8,0.8827
2026-01-11,38,19:00,230.1,273.9,35.01,41,59,0.844,11.0,0.854
2026-01-11,39,19:30,173.4,274.5,26.44,32,46,0.8543,10.8,0.8263
2026-01-11,40,20:00,125.3,273.1,19.01,24,35,0.8606,11.0,0.7921
2026-01-11,41,20:30,85.4,273.9,13.0,17,25,0.8366,15.0,0.7649
2026-01-11,42,21:00,56.1,272.6,8.49,12,18,0.849,15.2,0.7077
2026-01-11,43,21:30,35.5,275.5,5.44,8,12,0.8008,25.8,0.6799
2026-01-11,44,22:00,21.6,275.0,3.3,6,9,0.8828,14.5,0.5499
2026-01-11,45,22:30,13.5,272.8,2.04,4,6,0.8409,25.6,0.5098
2026-01-11,46,23:00,8.2,270.9,1.24,3,5,0.8662,23.4,0.4131
2026-01-11,47,23:30,5.4,275.2,0.82,3,5,0.9525,7.0,0.2739
2026-01-12,0,00:00,4.7,268.6,0.7,2,3,0.8353,37.5,0.3499
2026-01-12,1,00:30,4.4,279.7,0.69,2,3,0.8386,37.9,0.3453
2026-01-12,2,01:00,4.6,277.3,0.7,2,3,0.8327,39.3,0.3524
2026-01-12,3,01:30,4.6,271.8,0.69,2,3,0.8372,37.3,0.3475
2026-01-12,4,02:00,4.8,274.1,0.73,2,3,0.8212,42.4,0.366
2026-01-12,5,02:30,4.8,275.2,0.74,2,3,0.8188,43.3,0.3686
2026-01-12,6,03:00,4.7,270.8,0.7,2,3,0.8348,37.9,0.3504
2026-01-12,7,03:30,4.9,270.5,0.73,2,3,0.8225,41.5,0.3648
2026-01-12,8,04:00,5.5,271.3,0.82,3,5,0.9524,7.0,0.2742
2026-01-12,9,04:30,6.7,275.8,1.03,3,5,0.9153,13.7,0.3433
2026-01-12,10,05:00,9.8,275.9,1.5,4,6,0.9375,8.3,0.3755
2026-01-12,11,05:30,16.7,268.9,2.49,5,8,0.893,13.8,0.4983
2026-01-12,12,06:00,29.6,278.1,4.57,7,10,0.8057,26.5,0.6534
2026-01-12,13,06:30,51.2,273.1,7.76,11,16,0.8341,17.7,0.7057
2026-01-12,14,07:00,89.0,274.6,13.59,18,26,0.8631,11.7,0.7547
2026-01-12,15,07:30,143.1,273.2,21.71,27,39,0.8627,10.4,0.8041
2026-01-12,16,08:00,218.4,273.2,33.15,39,56,0.8435,11.2,0.85
2026-01-12,17,08:30,307.4,273.9,46.77,53,76,0.8217,12.4,0.8825
2026-01-12,18,09:00,401.5,274.3,61.17,68,98,0.8202,11.9,0.8996
2026-01-12,19,09:30,494.2,274.1,75.27,84,121,0.875,7.4,0.896
2026-01-12,20,10:00,566.9,274.3,86.41,97,139,0.9134,4.9,0.8908
2026-01-12,21,10:30,610.6,273.7,92.85,104,149,0.9197,4.5,0.8928
2026-01-12,22,11:00,628.3,273.1,95.3,106,152,0.9079,5.1,0.8991
2026-01-12,23,11:30,620.2,273.9,94.39,105,150,0.9066,5.2,0.8989
2026-01-12,24,12:00,598.4,274.2,91.14,102,146,0.915,4.7,0.8935
2026-01-12,25,12:30,577.9,273.4,87.77,98,140,0.9036,5.4,0.8957
2026-01-12,26,13:00,562.9,273.9,85.66,96,138,0.9085,5.2,0.8922
2026-01-12,27,13:30,566.2,273.9,86.15,96,138,0.8956,6.0,0.8974
2026-01-12,28,14:00,588.9,274.5,89.82,100,143,0.9001,5.7,0.8982
2026-01-12,29,14:30,626.6,273.4,95.19,106,152,0.9105,5.0,0.898
2026-01-12,30,15:00,674.0,273.7,102.5,114,163,0.919,4.5,0.8992
2026-01-12,31,15:30,717.8,274.7,109.56,122,175,0.9311,3.8,0.898
2026-01-12,32,16:00,750.0,274.2,114.25,127,182,0.9334,3.6,0.8996
2026-01-12,33,16:30,757.4,273.9,115.24,129,185,0.9474,2.9,0.8934
2026-01-12,34,17:00,730.8,274.5,111.46,124,178,0.9317,3.7,0.8988
2026-01-12,35,17:30,674.9,273.6,102.59,114,163,0.9171,4.6,0.8999
2026-01-12,36,18:00,592.0,274.0,90.12,101,145,0.9164,4.7,0.8923
2026-01-12,37,18:30,494.9,274.7,75.52,84,121,0.8659,8.1,0.899
2026-01-12,38,19:00,393.7,273.9,59.91,67,96,0.8352,10.7,0.8942
2026-01-12,39,19:30,296.7,274.5,45.24,52,75,0.8523,9.8,0.8701
2026-01-12,40,20:00,214.4,273.1,32.53,38,55,0.8235,13.2,0.856
2026-01-12,41,20:30,146.2,273.9,22.25,27,39,0.8244,14.3,0.824
2026-01-12,42,21:00,96.0,272.6,14.53,19,28,0.8589,11.9,0.7648
2026-01-12,43,21:30,60.8,275.5,9.31,13,19,0.8536,14.3,0.7159
2026-01-12,44,22:00,37.0,275.0,5.65,9,13,0.8846,12.1,0.6273
2026-01-12,45,22:30,23.0,272.8,3.49,6,9,0.854,19.1,0.5816
2026-01-12,46,23:00,14.1,270.9,2.12,4,6,0.8216,29.5,0.5302
2026-01-12,47,23:30,9.2,275.2,1.41,3,5,0.818,35.3,0.4686
2026-01-13,0,00:00,4.2,268.6,0.63,2,3,0.8631,29.7,0.3158
2026-01-13,1,00:30,4.0,279.7,0.62,2,3,0.8658,30.1,0.3116
2026-01-13,2,01:00,4.1,277.3,0.64,2,3,0.8609,31.2,0.318
2026-01-13,3,01:30,4.2,271.8,0.63,2,3,0.8647,29.6,0.3135
2026-01-13,4,02:00,4.3,274.1,0.66,2,3,0.8513,33.6,0.3302
2026-01-13,5,02:30,4.4,275.2,0.67,2,3,0.8493,34.2,0.3326
2026-01-13,6,03:00,4.2,270.8,0.63,2,3,0.8627,30.1,0.3162
2026-01-13,7,03:30,4.4,270.5,0.66,2,3,0.8524,32.9,0.3291
2026-01-13,8,04:00,4.9,271.3,0.74,2,3,0.8169,43.3,0.3711
2026-01-13,9,04:30,6.1,275.8,0.93,3,5,0.9347,10.1,0.3097
2026-01-13,10,05:00,8.8,275.9,1.36,3,5,0.8333,31.5,0.4518
2026-01-13,11,05:30,15.0,268.9,2.25,5,8,0.9262,8.9,0.4497
2026-01-13,12,06:00,26.7,278.1,4.13,7,10,0.875,14.9,0.5896
2026-01-13,13,06:30,46.2,273.1,7.01,10,15,0.8213,20.3,0.7005
2026-01-13,14,07:00,80.4,274.6,12.26,16,23,0.8217,17.2,0.7662
2026-01-13,15,07:30,129.1,273.2,19.59,24,35,0.8156,15.8,0.8163
2026-01-13,16,08:00,197.1,273.2,29.91,35,50,0.8092,14.9,0.8546
2026-01-13,17,08:30,277.4,273.9,42.2,48,69,0.8098,13.7,0.8793
2026-01-13,18,09:00,362.3,274.3,55.2,62,89,0.8312,11.2,0.8903
2026-01-13,19,09:30,445.9,274.1,67.92,76,109,0.8627,8.4,0.8937
2026-01-13,20,10:00,511.6,274.3,77.97,87,125,0.881,7.0,0.8962
2026-01-13,21,10:30,551.0,273.7,83.78,94,135,0.9073,5.2,0.8913
2026-01-13,22,11:00,566.9,273.1,86.0,96,138,0.8998,5.7,0.8958
2026-01-13,23,11:30,559.6,273.9,85.17,95,136,0.896,5.9,0.8965
2026-01-13,24,12:00,539.9,274.2,82.24,92,132,0.8971,5.9,0.8939
2026-01-13,25,12:30,521.4,273.4,79.2,89,128,0.9018,5.6,0.8899
2026-01-13,26,13:00,508.0,273.9,77.29,86,123,0.8715,7.6,0.8987
2026-01-13,27,13:30,510.9,273.9,77.73,87,125,0.8886,6.5,0.8935
2026-01-13,28,14:00,531.4,274.5,81.05,91,130,0.9033,5.5,0.8907
2026-01-13,29,14:30,565.4,273.4,85.89,96,138,0.9025,5.5,0.8947
2026-01-13,30,15:00,608.2,273.7,92.49,103,148,0.9058,5.3,0.898
2026-01-13,31,15:30,647.7,274.7,98.86,110,158,0.9143,4.8,0.8987
2026-01-13,32,16:00,676.8,274.2,103.09,115,165,0.9263,4.0,0.8965
2026-01-13,33,16:30,683.5,273.9,103.99,116,166,0.9276,4.0,0.8965
2026-01-13,34,17:00,659.4,274.5,100.57,112,160,0.9189,4.5,0.898
2026-01-13,35,17:30,609.0,273.6,92.58,103,148,0.9038,5.4,0.8988
2026-01-13,36,18:00,534.2,274.0,81.32,91,130,0.8961,6.0,0.8936
2026-01-13,37,18:30,446.5,274.7,68.14,76,109,0.8534,9.1,0.8966
2026-01-13,38,19:00,355.2,273.9,54.06,61,88,0.8402,10.5,0.8863
2026-01-13,39,19:30,267.7,274.5,40.83,47,68,0.8354,11.5,0.8686
2026-01-13,40,20:00,193.5,273.1,29.35,35,50,0.8469,11.2,0.8386
2026-01-13,41,20:30,131.9,273.9,20.08,25,36,0.8495,12.0,0.803
2026-01-13,42,21:00,86.6,272.6,13.11,17,25,0.8262,16.2,0.7713
2026-01-13,43,21:30,54.9,275.5,8.4,12,18,0.8586,14.1,0.6999
2026-01-13,44,22:00,33.3,275.0,5.09,8,12,0.8531,17.2,0.6368
2026-01-13,45,22:30,20.8,272.8,3.15,6,9,0.903,11.4,0.5248
2026-01-13,46,23:00,12.7,270.9,1.91,4,6,0.8685,19.9,0.4784
2026-01-13,47,23:30,8.3,275.2,1.27,3,5,0.8581,25.6,0.4229
2026-01-14,0,00:00,4.2,268.6,0.62,2,3,0.867,28.7,0.3107
2026-01-14,1,00:30,3.9,279.7,0.61,2,3,0.8696,29.0,0.3067
2026-01-14,2,01:00,4.1,277.3,0.63,2,3,0.8649,30.1,0.3129
2026-01-14,3,01:30,4.1,271.8,0.62,2,3,0.8686,28.6,0.3086
2026-01-14,4,02:00,4.3,274.1,0.65,2,3,0.8555,32.4,0.325
2026-01-14,5,02:30,4.3,275.2,0.65,2,3,0.8536,33.0,0.3273
2026-01-14,6,03:00,4.1,270.8,0.62,2,3,0.8666,29.0,0.3111
2026-01-14,7,03:30,4.3,270.5,0.65,2,3,0.8566,31.7,0.3239
2026-01-14,8,04:00,4.8,271.3,0.73,2,3,0.8221,41.8,0.3652
2026-01-14,9,04:30,6.0,275.8,0.91,3,5,0.9374,9.6,0.3048
2026-01-14,10,05:00,8.7,275.9,1.33,3,5,0.8396,30.0,0.4446
2026-01-14,11,05:30,14.8,268.9,2.21,5,8,0.9304,8.3,0.4425
2026-01-14,12,06:00,26.3,278.1,4.06,7,10,0.8835,13.6,0.5802
2026-01-14,13,06:30,45.4,273.1,6.89,10,15,0.836,18.1,0.6894
2026-01-14,14,07:00,79.1,274.6,12.06,16,23,0.8411,14.8,0.754
2026-01-14,15,07:30,127.0,273.2,19.28,24,35,0.8409,13.0,0.8033
2026-01-14,16,08:00,194.0,273.2,29.44,35,50,0.8416,11.7,0.8411
2026-01-14,17,08:30,273.0,273.9,41.53,48,69,0.8485,10.3,0.8653
2026-01-14,18,09:00,356.5,274.3,54.32,61,88,0.827,11.6,0.8905
2026-01-14,19,09:30,438.9,274.1,66.84,75,108,0.8673,8.1,0.8912
2026-01-14,20,10:00,503.4,274.3,76.73,86,123,0.8898,6.4,0.8922
2026-01-14,21,10:30,542.3,273.7,82.45,92,132,0.8912,6.3,0.8962
2026-01-14,22,11:00,557.9,273.1,84.63,95,136,0.9103,5.0,0.8909
2026-01-14,23,11:30,550.7,273.9,83.82,94,135,0.9065,5.3,0.8917
2026-01-14,24,12:00,531.4,274.2,80.94,90,129,0.8784,7.1,0.8993
2026-01-14,25,12:30,513.2,273.4,77.95,87,125,0.882,6.9,0.8959
2026-01-14,26,13:00,499.9,273.9,76.06,85,122,0.8806,7.0,0.8949
2026-01-14,27,13:30,502.8,273.9,76.5,85,122,0.8654,8.1,0.9
2026-01-14,28,14:00,523.0,274.5,79.76,89,128,0.885,6.7,0.8962
2026-01-14,29,14:30,556.5,273.4,84.53,94,135,0.8867,6.5,0.8992
2026-01-14,30,15:00,598.5,273.7,91.02,102,146,0.9177,4.6,0.8924
2026-01-14,31,15:30,637.4,274.7,97.29,109,156,0.9269,4.0,0.8926
2026-01-14,32,16:00,666.0,274.2,101.46,113,162,0.9206,4.4,0.8978
2026-01-14,33,16:30,672.6,273.9,102.34,114,163,0.9223,4.3,0.8977
2026-01-14,34,17:00,648.9,274.5,98.98,110,158,0.9117,4.9,0.8998
2026-01-14,35,17:30,599.3,273.6,91.1,102,146,0.9159,4.7,0.8932
2026-01-14,36,18:00,525.7,274.0,80.03,89,128,0.8766,7.3,0.8992
2026-01-14,37,18:30,439.4,274.7,67.06,75,108,0.8584,8.7,0.8942
2026-01-14,38,19:00,349.6,273.9,53.2,60,86,0.8353,10.9,0.8867
2026-01-14,39,19:30,263.5,274.5,40.18,46,66,0.8176,13.1,0.8734
2026-01-14,40,20:00,190.4,273.1,28.89,34,49,0.8156,14.3,0.8496
2026-01-14,41,20:30,129.8,273.9,19.76,24,35,0.8006,17.5,0.8232
2026-01-14,42,21:00,85.2,272.6,12.9,17,25,0.8458,13.9,0.7591
2026-01-14,43,21:30,54.0,275.5,8.26,12,18,0.8718,12.4,0.6887
2026-01-14,44,22:00,32.8,275.0,5.01,8,12,0.8638,15.6,0.6267
2026-01-14,45,22:30,20.4,272.8,3.1,6,9,0.9091,10.6,0.5164
2026-01-14,46,23:00,12.5,270.9,1.88,4,6,0.8747,18.7,0.4708
2026-01-14,47,23:30,8.2,275.2,1.25,3,5,0.8635,24.4,0.4162
2026-01-15,0,00:00,4.2,268.6,0.62,2,3,0.8664,28.9,0.3116
2026-01-15,1,00:30,4.0,279.7,0.62,2,3,0.869,29.2,0.3075
2026-01-15,2,01:00,4.1,277.3,0.63,2,3,0.8642,30.3,0.3138
2026-01-15,3,01:30,4.1,271.8,0.62,2,3,0.8679,28.8,0.3094
2026-01-15,4,02:00,4.3,274.1,0.65,2,3,0.8548,32.6,0.3259
2026-01-15,5,02:30,4.3,275.2,0.66,2,3,0.8528,33.2,0.3283
2026-01-15,6,03:00,4.1,270.8,0.62,2,3,0.8659,29.2,0.312
2026-01-15,7,03:30,4.3,270.5,0.65,2,3,0.8559,31.9,0.3248
2026-01-15,8,04:00,4.9,271.3,0.73,2,3,0.8212,42.0,0.3662
2026-01-15,9,04:30,6.0,275.8,0.92,3,5,0.9369,9.7,0.3057
2026-01-15,10,05:00,8.7,275.9,1.34,3,5,0.8385,30.2,0.4459
2026-01-15,11,05:30,14.9,268.9,2.22,5,8,0.9297,8.4,0.4437
2026-01-15,12,06:00,26.4,278.1,4.07,7,10,0.8821,13.8,0.5818
2026-01-15,13,06:30,45.6,273.1,6.91,10,15,0.8335,18.5,0.6913
2026-01-15,14,07:00,79.3,274.6,12.1,16,23,0.8379,15.2,0.7561
2026-01-15,15,07:30,127.4,273.2,19.33,24,35,0.8367,13.5,0.8056
2026-01-15,16,08:00,194.5,273.2,29.52,35,50,0.8363,12.2,0.8434
2026-01-15,17,08:30,273.7,273.9,41.65,48,69,0.8423,10.8,0.8677
2026-01-15,18,09:00,357.5,274.3,54.47,61,88,0.8188,12.3,0.893
2026-01-15,19,09:30,440.1,274.1,67.03,75,108,0.86,8.6,0.8937
2026-01-15,20,10:00,504.9,274.3,76.95,86,123,0.883,6.9,0.8947
2026-01-15,21,10:30,543.8,273.7,82.68,92,132,0.8842,6.7,0.8987
2026-01-15,22,11:00,559.5,273.1,84.87,95,136,0.9043,5.4,0.8934
2026-01-15,23,11:30,552.3,273.9,84.05,94,135,0.9003,5.7,0.8942
2026-01-15,24,12:00,532.9,274.2,81.16,91,130,0.9005,5.7,0.8919
2026-01-15,25,12:30,514.6,273.4,78.16,87,125,0.8748,7.4,0.8984
2026-01-15,26,13:00,501.3,273.9,76.28,85,122,0.8734,7.5,0.8974
2026-01-15,27,13:30,504.2,273.9,76.71,86,123,0.8904,6.4,0.892
2026-01-15,28,14:00,524.4,274.5,79.99,89,128,0.8778,7.2,0.8987
2026-01-15,29,14:30,558.0,273.4,84.77,95,136,0.9068,5.3,0.8923
2026-01-15,30,15:00,600.2,273.7,91.28,102,146,0.9119,4.9,0.8949
2026-01-15,31,15:30,639.2,274.7,97.56,109,156,0.9214,4.3,0.8951
2026-01-15,32,16:00,667.9,274.2,101.74,114,163,0.9334,3.6,0.8925
2026-01-15,33,16:30,674.5,273.9,102.63,115,165,0.9348,3.6,0.8924
2026-01-15,34,17:00,650.8,274.5,99.25,111,159,0.9261,4.1,0.8942
2026-01-15,35,17:30,601.0,273.6,91.36,102,146,0.91,5.0,0.8957
2026-01-15,36,18:00,527.2,274.0,80.25,90,129,0.8991,5.8,0.8917
2026-01-15,37,18:30,440.7,274.7,67.25,75,108,0.8506,9.3,0.8967
2026-01-15,38,19:00,350.6,273.9,53.35,60,86,0.8276,11.5,0.8892
2026-01-15,39,19:30,264.2,274.5,40.29,46,66,0.8104,13.8,0.8759
2026-01-15,40,20:00,190.9,273.1,28.97,34,49,0.8096,14.9,0.852
2026-01-15,41,20:30,130.2,273.9,19.81,25,36,0.8675,10.2,0.7925
2026-01-15,42,21:00,85.5,272.6,12.94,17,25,0.8425,14.2,0.7612
2026-01-15,43,21:30,54.2,275.5,8.29,12,18,0.8696,12.7,0.6907
2026-01-15,44,22:00,32.9,275.0,5.03,8,12,0.862,15.9,0.6285
2026-01-15,45,22:30,20.5,272.8,3.11,6,9,0.9081,10.7,0.5179
2026-01-15,46,23:00,12.6,270.9,1.89,4,6,0.8736,18.9,0.4722
2026-01-15,47,23:30,8.2,275.2,1.25,3,5,0.8626,24.6,0.4173
2026-01-16,0,00:00,4.1,268.6,0.61,2,3,0.871,27.7,0.3056
2026-01-16,1,00:30,3.9,279.7,0.6,2,3,0.8735,28.0,0.3016
2026-01-16,2,01:00,4.0,277.3,0.62,2,3,0.8689,29.0,0.3078
2026-01-16,3,01:30,4.0,271.8,0.61,2,3,0.8725,27.6,0.3035
2026-01-16,4,02:00,4.2,274.1,0.64,2,3,0.8598,31.2,0.3196
2026-01-16,5,02:30,4.2,275.2,0.64,2,3,0.8579,31.8,0.3219
2026-01-16,6,03:00,4.1,270.8,0.61,2,3,0.8706,28.0,0.306
2026-01-16,7,03:30,4.2,270.5,0.64,2,3,0.8608,30.5,0.3186
2026-01-16,8,04:00,4.8,271.3,0.72,2,3,0.8273,40.2,0.3592
2026-01-16,9,04:30,5.9,275.8,0.9,3,5,0.94,9.2,0.2998
2026-01-16,10,05:00,8.6,275.9,1.31,3,5,0.846,28.5,0.4373
2026-01-16,11,05:30,14.6,268.9,2.18,4,6,0.8079,32.4,0.544
2026-01-16,12,06:00,25.9,278.1,3.99,7,10,0.8918,12.4,0.5706
2026-01-16,13,06:30,44.7,273.1,6.78,10,15,0.8501,16.1,0.678
2026-01-16,14,07:00,77.8,274.6,11.86,16,23,0.8593,12.6,0.7415
2026-01-16,15,07:30,124.9,273.2,18.96,24,35,0.8639,10.7,0.79
2026-01-16,16,08:00,190.8,273.2,28.95,34,49,0.8109,14.8,0.8515
2026-01-16,17,08:30,268.4,273.9,40.85,47,68,0.8343,11.6,0.8691
2026-01-16,18,09:00,350.6,274.3,53.42,60,86,0.8238,11.9,0.8904
2026-01-16,19,09:30,431.6,274.1,65.73,74,106,0.8729,7.7,0.8883
2026-01-16,20,10:00,495.1,274.3,75.46,84,121,0.868,7.9,0.8984
2026-01-16,21,10:30,533.3,273.7,81.09,91,130,0.9025,5.6,0.8911
2026-01-16,22,11:00,548.7,273.1,83.23,93,133,0.8966,5.9,0.895
2026-01-16,23,11:30,541.6,273.9,82.43,92,132,0.8918,6.2,0.896
2026-01-16,24,12:00,522.6,274.2,79.6,89,128,0.8903,6.4,0.8944
2026-01-16,25,12:30,504.7,273.4,76.66,86,123,0.8923,6.2,0.8914
2026-01-16,26,13:00,491.6,273.9,74.81,84,121,0.8901,6.4,0.8906
2026-01-16,27,13:30,494.5,273.9,75.23,84,121,0.8762,7.3,0.8957
2026-01-16,28,14:00,514.3,274.5,78.45,88,126,0.8958,6.0,0.8914
2026-01-16,29,14:30,547.3,273.4,83.13,93,133,0.8993,5.7,0.8939
2026-01-16,30,15:00,588.6,273.7,89.52,100,143,0.908,5.2,0.8952
2026-01-16,31,15:30,626.9,274.7,95.68,107,153,0.9206,4.4,0.8942
2026-01-16,32,16:00,655.0,274.2,99.78,111,159,0.9154,4.7,0.8989
2026-01-16,33,16:30,661.5,273.9,100.65,112,160,0.9175,4.6,0.8986
2026-01-16,34,17:00,638.2,274.5,97.34,109,156,0.9259,4.1,0.893
2026-01-16,35,17:30,589.4,273.6,89.6,100,143,0.9061,5.3,0.896
2026-01-16,36,18:00,517.0,274.0,78.71,88,126,0.8882,6.5,0.8944
2026-01-16,37,18:30,432.2,274.7,65.95,74,106,0.8644,8.3,0.8913
2026-01-16,38,19:00,343.8,273.9,52.32,59,85,0.8314,11.3,0.8869
2026-01-16,39,19:30,259.1,274.5,39.51,46,66,0.8553,9.8,0.859
2026-01-16,40,20:00,187.2,273.1,28.41,34,49,0.8477,11.2,0.8356
2026-01-16,41,20:30,127.7,273.9,19.43,24,35,0.8289,14.3,0.8096
2026-01-16,42,21:00,83.8,272.6,12.69,17,25,0.8641,11.8,0.7465
2026-01-16,43,21:30,53.1,275.5,8.13,12,18,0.8844,10.9,0.6774
2026-01-16,44,22:00,32.3,275.0,4.93,8,12,0.8742,14.1,0.6163
2026-01-16,45,22:30,20.1,272.8,3.05,6,9,0.9151,9.7,0.5079
2026-01-16,46,23:00,12.3,270.9,1.85,4,6,0.8808,17.6,0.463
2026-01-16,47,23:30,8.0,275.2,1.23,3,5,0.869,23.1,0.4093
2026-01-17,0,00:00,3.0,268.6,0.45,2,3,0.9267,14.2,0.2244
2026-01-17,1,00:30,2.8,279.7,0.44,2,3,0.9282,14.4,0.2214
2026-01-17,2,01:00,2.9,277.3,0.45,2,3,0.9255,14.9,0.226
2026-01-17,3,01:30,3.0,271.8,0.45,2,3,0.9276,14.2,0.2228
2026-01-17,4,02:00,3.1,274.1,0.47,2,3,0.9202,16.0,0.2347
2026-01-17,5,02:30,3.1,275.2,0.47,2,3,0.9191,16.3,0.2364
2026-01-17,6,03:00,3.0,270.8,0.45,2,3,0.9265,14.4,0.2247
2026-01-17,7,03:30,3.1,270.5,0.47,2,3,0.9208,15.7,0.2339
2026-01-17,8,04:00,3.5,271.3,0.53,2,3,0.9013,20.3,0.2637
2026-01-17,9,04:30,4.3,275.8,0.66,2,3,0.8513,33.7,0.3301
2026-01-17,10,05:00,6.3,275.9,0.96,3,5,0.9285,11.2,0.321
2026-01-17,11,05:30,10.7,268.9,1.6,4,6,0.9245,10.1,0.3994
2026-01-17,12,06:00,19.0,278.1,2.93,5,8,0.8106,29.6,0.5865
2026-01-17,13,06:30,32.8,273.1,4.98,8,12,0.8685,14.8,0.6222
2026-01-17,14,07:00,57.1,274.6,8.71,12,18,0.8237,18.7,0.7259
2026-01-17,15,07:30,91.7,273.2,13.92,18,26,0.8345,14.9,0.7734
2026-01-17,16,08:00,140.1,273.2,21.26,26,38,0.83,13.9,0.8175
2026-01-17,17,08:30,197.1,273.9,29.99,35,50,0.8032,15.5,0.8569
2026-01-17,18,09:00,257.4,274.3,39.22,45,65,0.8179,13.2,0.8716
2026-01-17,19,09:30,316.9,274.1,48.26,55,79,0.844,10.4,0.8775
2026-01-17,20,10:00,363.5,274.3,55.4,62,89,0.8204,12.1,0.8936
2026-01-17,21,10:30,391.5,273.7,59.54,67,96,0.8526,9.3,0.8886
2026-01-17,22,11:00,402.8,273.1,61.11,68,98,0.8238,11.6,0.8987
2026-01-17,23,11:30,397.7,273.9,60.52,68,98,0.8514,9.4,0.89
2026-01-17,24,12:00,383.7,274.2,58.44,65,93,0.812,12.7,0.8991
2026-01-17,25,12:30,370.5,273.4,56.28,63,90,0.825,11.6,0.8934
2026-01-17,26,13:00,361.0,273.9,54.92,62,89,0.8449,10.1,0.8859
2026-01-17,27,13:30,363.0,273.9,55.24,62,89,0.8293,11.3,0.8909
2026-01-17,28,14:00,377.6,274.5,57.59,64,92,0.8054,13.3,0.8999
2026-01-17,29,14:30,401.8,273.4,61.04,68,98,0.8274,11.3,0.8976
2026-01-17,30,15:00,432.2,273.7,65.73,74,106,0.8733,7.7,0.8882
2026-01-17,31,15:30,460.3,274.7,70.25,79,113,0.8823,7.0,0.8892
2026-01-17,32,16:00,480.9,274.2,73.26,82,118,0.878,7.2,0.8934
2026-01-17,33,16:30,485.7,273.9,73.89,83,119,0.8887,6.5,0.8903
2026-01-17,34,17:00,468.6,274.5,71.47,80,115,0.8734,7.6,0.8933
2026-01-17,35,17:30,432.7,273.6,65.78,74,106,0.8712,7.8,0.889
2026-01-17,36,18:00,379.6,274.0,57.79,65,93,0.8451,10.0,0.889
2026-01-17,37,18:30,317.3,274.7,48.42,55,79,0.8356,11.1,0.8804
2026-01-17,38,19:00,252.4,273.9,38.42,44,63,0.8089,14.1,0.8731
2026-01-17,39,19:30,190.2,274.5,29.01,34,49,0.8061,15.3,0.8532
2026-01-17,40,20:00,137.5,273.1,20.86,26,38,0.8587,10.9,0.8022
2026-01-17,41,20:30,93.7,273.9,14.27,18,26,0.8002,19.3,0.7926
2026-01-17,42,21:00,61.5,272.6,9.32,13,19,0.8529,14.3,0.7168
2026-01-17,43,21:30,39.0,275.5,5.97,9,13,0.8466,17.4,0.6631
2026-01-17,44,22:00,23.7,275.0,3.62,6,9,0.8313,23.2,0.6034
2026-01-17,45,22:30,14.8,272.8,2.24,5,8,0.9273,8.8,0.4475
2026-01-17,46,23:00,9.0,270.9,1.36,3,5,0.8323,31.3,0.4533
2026-01-17,47,23:30,5.9,275.2,0.9,3,5,0.9396,9.2,0.3005
2026-01-18,0,00:00,2.7,268.6,0.4,2,3,0.94,11.4,0.2014
2026-01-18,1,00:30,2.6,279.7,0.4,2,3,0.9412,11.5,0.1988
2026-01-18,2,01:00,2.6,277.3,0.41,2,3,0.939,11.9,0.2028
2026-01-18,3,01:30,2.6,271.8,0.4,2,3,0.9407,11.3,0.2
2026-01-18,4,02:00,2.8,274.1,0.42,2,3,0.9347,12.7,0.2107
2026-01-18,5,02:30,2.8,275.2,0.42,2,3,0.9338,13.0,0.2122
2026-01-18,6,03:00,2.7,270.8,0.4,2,3,0.9398,11.5,0.2017
2026-01-18,7,03:30,2.8,270.5,0.42,2,3,0.9352,12.5,0.21
2026-01-18,8,04:00,3.1,271.3,0.47,2,3,0.919,16.1,0.2367
2026-01-18,9,04:30,3.9,275.8,0.59,2,3,0.8776,26.6,0.2964
2026-01-18,10,05:00,5.6,275.9,0.86,3,5,0.9458,8.2,0.2882
2026-01-18,11,05:30,9.6,268.9,1.43,3,5,0.8096,36.7,0.4781
2026-01-18,12,06:00,17.0,278.1,2.63,5,8,0.8693,18.2,0.5265
2026-01-18,13,06:30,29.5,273.1,4.47,7,10,0.8244,22.8,0.6384
2026-01-18,14,07:00,51.3,274.6,7.82,11,16,0.8268,18.9,0.7109
2026-01-18,15,07:30,82.3,273.2,12.5,17,25,0.8792,10.2,0.7351
2026-01-18,16,08:00,125.7,273.2,19.08,24,35,0.8556,11.5,0.7951
2026-01-18,17,08:30,176.9,273.9,26.92,32,46,0.8221,13.9,0.8413
2026-01-18,18,09:00,231.1,274.3,35.21,41,59,0.8322,12.1,0.8588
2026-01-18,19,09:30,284.5,274.1,43.33,50,72,0.8536,9.8,0.8665
2026-01-18,20,10:00,326.3,274.3,49.74,56,80,0.8159,12.7,0.8882
2026-01-18,21,10:30,351.5,273.7,53.45,60,86,0.8227,12.0,0.8908
2026-01-18,22,11:00,361.6,273.1,54.86,62,89,0.8481,9.8,0.8848
2026-01-18,23,11:30,357.0,273.9,54.33,61,88,0.8266,11.6,0.8907
2026-01-18,24,12:00,344.4,274.2,52.46,59,85,0.824,11.9,0.8892
2026-01-18,25,12:30,332.6,273.4,50.53,57,82,0.8256,11.8,0.8864
2026-01-18,26,13:00,324.0,273.9,49.31,56,80,0.8395,10.7,0.8805
2026-01-18,27,13:30,325.9,273.9,49.59,56,80,0.8244,12.0,0.8855
2026-01-18,28,14:00,339.0,274.5,51.7,58,83,0.8128,12.9,0.8915
2026-01-18,29,14:30,360.7,273.4,54.79,61,88,0.801,13.8,0.8982
2026-01-18,30,15:00,388.0,273.7,59.0,66,95,0.8328,10.9,0.894
2026-01-18,31,15:30,413.2,274.7,63.06,71,102,0.8649,8.3,0.8882
2026-01-18,32,16:00,431.7,274.2,65.77,74,106,0.8717,7.8,0.8887
2026-01-18,33,16:30,436.0,273.9,66.34,74,106,0.8488,9.5,0.8964
2026-01-18,34,17:00,420.6,274.5,64.16,72,103,0.8595,8.7,0.8911
2026-01-18,35,17:30,388.5,273.6,59.06,66,95,0.8303,11.1,0.8948
2026-01-18,36,18:00,340.8,274.0,51.88,58,83,0.8029,13.8,0.8944
2026-01-18,37,18:30,284.9,274.7,43.47,50,72,0.8461,10.4,0.8694
2026-01-18,38,19:00,226.6,273.9,34.49,40,58,0.8183,13.5,0.8622
2026-01-18,39,19:30,170.8,274.5,26.04,31,45,0.8181,14.5,0.8401
2026-01-18,40,20:00,123.4,273.1,18.72,23,33,0.8109,16.5,0.8141
2026-01-18,41,20:30,84.2,273.9,12.81,17,25,0.8542,12.9,0.7533
2026-01-18,42,21:00,55.2,272.6,8.36,12,18,0.8624,13.5,0.6971
2026-01-18,43,21:30,35.0,275.5,5.36,8,12,0.8142,23.5,0.6697
2026-01-18,44,22:00,21.3,275.0,3.25,6,9,0.8897,13.5,0.5416
2026-01-18,45,22:30,13.3,272.8,2.01,4,6,0.8479,24.1,0.5021
2026-01-18,46,23:00,8.1,270.9,1.22,3,5,0.8711,22.4,0.4069
2026-01-18,47,23:30,5.3,275.2,0.81,3,5,0.9543,6.7,0.2698
2026-01-19,0,00:00,4.6,268.6,0.69,2,3,0.8399,36.2,0.3445
2026-01-19,1,00:30,4.4,279.7,0.68,2,3,0.8431,36.5,0.3399
2026-01-19,2,01:00,4.5,277.3,0.69,2,3,0.8374,37.9,0.3469
2026-01-19,3,01:30,4.5,271.8,0.68,2,3,0.8417,36.0,0.342
2026-01-19,4,02:00,4.7,274.1,0.72,2,3,0.8262,40.9,0.3602
2026-01-19,5,02:30,4.7,275.2,0.73,2,3,0.8239,41.7,0.3629
2026-01-19,6,03:00,4.6,270.8,0.69,2,3,0.8394,36.6,0.3449
2026-01-19,7,03:30,4.8,270.5,0.72,2,3,0.8274,40.0,0.359
2026-01-19,8,04:00,5.4,271.3,0.81,3,5,0.9544,6.6,0.2699
2026-01-19,9,04:30,6.6,275.8,1.01,3,5,0.9186,13.1,0.3379
2026-01-19,10,05:00,9.6,275.9,1.48,4,6,0.9406,7.8,0.3696
2026-01-19,11,05:30,16.4,268.9,2.45,5,8,0.8989,12.9,0.4905
2026-01-19,12,06:00,29.1,278.1,4.5,7,10,0.8182,24.2,0.6432
2026-01-19,13,06:30,50.4,273.1,7.64,11,16,0.8484,15.8,0.6947
2026-01-19,14,07:00,87.7,274.6,13.37,18,26,0.8792,10.0,0.7429
2026-01-19,15,07:30,140.8,273.2,21.37,26,38,0.8209,14.8,0.822
2026-01-19,16,08:00,215.0,273.2,32.63,38,55,0.8166,13.8,0.8587
2026-01-19,17,08:30,302.6,273.9,46.04,52,75,0.8085,13.6,0.8854
2026-01-19,18,09:00,395.2,274.3,60.21,67,96,0.82,11.9,0.8987
2026-01-19,19,09:30,486.5,274.1,74.09,83,119,0.8823,6.9,0.8926
2026-01-19,20,10:00,558.1,274.3,85.05,95,136,0.899,5.8,0.8953
2026-01-19,21,10:30,601.1,273.7,91.4,102,146,0.9091,5.1,0.8961
2026-01-19,22,11:00,618.4,273.1,93.81,105,150,0.9199,4.4,0.8935
2026-01-19,23,11:30,610.5,273.9,92.91,104,149,0.9184,4.5,0.8934
2026-01-19,24,12:00,589.0,274.2,89.71,100,143,0.903,5.5,0.8971
2026-01-19,25,12:30,568.8,273.4,86.4,97,139,0.9138,4.8,0.8907
2026-01-19,26,13:00,554.1,273.9,84.31,94,135,0.8929,6.1,0.897
2026-01-19,27,13:30,557.3,273.9,84.8,95,136,0.9059,5.3,0.8926
2026-01-19,28,14:00,579.7,274.5,88.42,99,142,0.9112,5.0,0.8931
2026-01-19,29,14:30,616.8,273.4,93.7,105,150,0.9222,4.3,0.8924
2026-01-19,30,15:00,663.5,273.7,100.9,113,162,0.9314,3.8,0.8929
2026-01-19,31,15:30,706.6,274.7,107.84,120,172,0.9274,4.0,0.8987
2026-01-19,32,16:00,738.3,274.2,112.46,125,179,0.931,3.8,0.8997
2026-01-19,33,16:30,745.6,273.9,113.44,127,182,0.9458,2.9,0.8932
2026-01-19,34,17:00,719.3,274.5,109.71,122,175,0.9284,3.9,0.8993
2026-01-19,35,17:30,664.3,273.6,100.99,113,162,0.9298,3.8,0.8937
2026-01-19,36,18:00,582.7,274.0,88.71,99,142,0.9041,5.4,0.8961
2026-01-19,37,18:30,487.1,274.7,74.34,83,119,0.8738,7.5,0.8956
2026-01-19,38,19:00,387.5,273.9,58.98,66,95,0.8341,10.8,0.8936
2026-01-19,39,19:30,292.0,274.5,44.54,51,73,0.84,10.9,0.8732
2026-01-19,40,20:00,211.0,273.1,32.02,38,55,0.8547,10.3,0.8426
2026-01-19,41,20:30,143.9,273.9,21.9,27,39,0.8499,11.7,0.8111
2026-01-19,42,21:00,94.5,272.6,14.3,19,28,0.876,10.2,0.7529
2026-01-19,43,21:30,59.9,275.5,9.16,13,19,0.8677,12.5,0.7047
2026-01-19,44,22:00,36.4,275.0,5.56,9,13,0.8937,10.9,0.6175
2026-01-19,45,22:30,22.7,272.8,3.43,6,9,0.8628,17.6,0.5725
2026-01-19,46,23:00,13.9,270.9,2.09,4,6,0.8297,27.8,0.5219
2026-01-19,47,23:30,9.1,275.2,1.38,3,5,0.8248,33.6,0.4613
2026-01-20,0,00:00,4.2,268.6,0.63,2,3,0.8655,29.1,0.3127
2026-01-20,1,00:30,4.0,279.7,0.62,2,3,0.8682,29.4,0.3086
2026-01-20,2,01:00,4.1,277.3,0.63,2,3,0.8634,30.5,0.3149
2026-01-20,3,01:30,4.1,271.8,0.62,2,3,0.8671,29.0,0.3105
2026-01-20,4,02:00,4.3,274.1,0.65,2,3,0.8539,32.8,0.327
2026-01-20,5,02:30,4.3,275.2,0.66,2,3,0.8519,33.5,0.3294
2026-01-20,6,03:00,4.2,270.8,0.63,2,3,0.8651,29.4,0.3131
2026-01-20,7,03:30,4.3,270.5,0.65,2,3,0.855,32.1,0.3259
2026-01-20,8,04:00,4.9,271.3,0.74,2,3,0.8201,42.4,0.3675
2026-01-20,9,04:30,6.0,275.8,0.92,3,5,0.9364,9.8,0.3067
2026-01-20,10,05:00,8.8,275.9,1.34,3,5,0.8372,30.6,0.4474
2026-01-20,11,05:30,14.9,268.9,2.23,5,8,0.9288,8.5,0.4453
2026-01-20,12,06:00,26.5,278.1,4.09,7,10,0.8803,14.1,0.5838
2026-01-20,13,06:30,45.7,273.1,6.94,10,15,0.8304,18.9,0.6937
2026-01-20,14,07:00,79.6,274.6,12.14,16,23,0.8338,15.7,0.7587
2026-01-20,15,07:30,127.8,273.2,19.4,24,35,0.8315,14.0,0.8083
2026-01-20,16,08:00,195.2,273.2,29.62,35,50,0.8297,12.8,0.8463
2026-01-20,17,08:30,274.7,273.9,41.79,48,69,0.8344,11.5,0.8707
2026-01-20,18,09:00,358.7,274.3,54.66,61,88,0.8084,13.2,0.8961
2026-01-20,19,09:30,441.6,274.1,67.26,75,108,0.8506,9.3,0.8967
2026-01-20,20,10:00,506.6,274.3,77.21,86,123,0.8743,7.4,0.8978
2026-01-20,21,10:30,545.6,273.7,82.97,93,133,0.9036,5.5,0.8921
2026-01-20,22,11:00,561.4,273.1,85.16,95,136,0.8965,5.9,0.8964
2026-01-20,23,11:30,554.2,273.9,84.34,94,135,0.8922,6.2,0.8972
2026-01-20,24,12:00,534.7,274.2,81.44,91,130,0.8926,6.2,0.8949
2026-01-20,25,12:30,516.4,273.4,78.43,88,126,0.8965,6.0,0.8913
2026-01-20,26,13:00,503.0,273.9,76.54,86,123,0.8957,6.0,0.89
2026-01-20,27,13:30,505.9,273.9,76.98,86,123,0.8822,6.9,0.8951
2026-01-20,28,14:00,526.2,274.5,80.26,90,129,0.8987,5.8,0.8918
2026-01-20,29,14:30,559.9,273.4,85.06,95,136,0.8992,5.7,0.8953
2026-01-20,30,15:00,602.3,273.7,91.59,102,146,0.9043,5.4,0.898
2026-01-20,31,15:30,641.4,274.7,97.9,109,156,0.9143,4.8,0.8981
2026-01-20,32,16:00,670.2,274.2,102.09,114,163,0.9271,4.0,0.8955
2026-01-20,33,16:30,676.8,273.9,102.98,115,165,0.9285,3.9,0.8955
2026-01-20,34,17:00,653.0,274.5,99.59,111,159,0.9192,4.5,0.8972
2026-01-20,35,17:30,603.0,273.6,91.67,102,146,0.9023,5.5,0.8988
2026-01-20,36,18:00,529.0,274.0,80.53,90,129,0.8912,6.3,0.8948
2026-01-20,37,18:30,442.2,274.7,67.48,75,108,0.8406,10.1,0.8997
2026-01-20,38,19:00,351.8,273.9,53.54,60,86,0.8178,12.4,0.8923
2026-01-20,39,19:30,265.1,274.5,40.43,46,66,0.8014,14.7,0.8789
2026-01-20,40,20:00,191.6,273.1,29.07,34,49,0.8021,15.7,0.8549
2026-01-20,41,20:30,130.6,273.9,19.88,25,36,0.863,10.7,0.7952
2026-01-20,42,21:00,85.7,272.6,12.99,17,25,0.8384,14.7,0.7638
2026-01-20,43,21:30,54.3,275.5,8.32,12,18,0.8668,13.0,0.693
2026-01-20,44,22:00,33.0,275.0,5.04,8,12,0.8597,16.2,0.6306
2026-01-20,45,22:30,20.6,272.8,3.12,6,9,0.9068,10.9,0.5197
2026-01-20,46,23:00,12.6,270.9,1.9,4,6,0.8723,19.2,0.4738
2026-01-20,47,23:30,8.2,275.2,1.26,3,5,0.8614,24.8,0.4188
2026-01-21,0,00:00,4.1,268.6,0.62,2,3,0.8694,28.1,0.3077
2026-01-21,1,00:30,3.9,279.7,0.61,2,3,0.872,28.4,0.3036
2026-01-21,2,01:00,4.0,277.3,0.62,2,3,0.8673,29.5,0.3099
2026-01-21,3,01:30,4.0,271.8,0.61,2,3,0.8709,28.0,0.3055
2026-01-21,4,02:00,4.2,274.1,0.64,2,3,0.8581,31.7,0.3218
2026-01-21,5,02:30,4.2,275.2,0.65,2,3,0.8562,32.3,0.3241
2026-01-21,6,03:00,4.1,270.8,0.62,2,3,0.869,28.4,0.3081
2026-01-21,7,03:30,4.3,270.5,0.64,2,3,0.8591,31.0,0.3207
2026-01-21,8,04:00,4.8,271.3,0.72,2,3,0.8252,40.8,0.3616
2026-01-21,9,04:30,5.9,275.8,0.91,3,5,0.9389,9.4,0.3018
2026-01-21,10,05:00,8.6,275.9,1.32,3,5,0.8434,29.1,0.4403
2026-01-21,11,05:30,14.7,268.9,2.19,4,6,0.804,33.3,0.5477
2026-01-21,12,06:00,26.0,278.1,4.02,7,10,0.8885,12.9,0.5745
2026-01-21,13,06:30,45.0,273.1,6.83,10,15,0.8445,16.9,0.6826
2026-01-21,14,07:00,78.3,274.6,11.95,16,23,0.8521,13.5,0.7466
2026-01-21,15,07:30,125.8,273.2,19.09,24,35,0.8549,11.6,0.7954
2026-01-21,16,08:00,192.1,273.2,29.15,35,50,0.8591,10.1,0.8328
2026-01-21,17,08:30,270.3,273.9,41.13,47,68,0.8178,13.0,0.875
2026-01-21,18,09:00,353.0,274.3,53.79,60,86,0.8033,13.7,0.8965
2026-01-21,19,09:30,434.6,274.1,66.18,74,106,0.8553,9.0,0.8943
2026-01-21,20,10:00,498.5,274.3,75.98,85,122,0.8833,6.8,0.8938
2026-01-21,21,10:30,536.9,273.7,81.64,91,130,0.8866,6.6,0.8972
2026-01-21,22,11:00,552.4,273.1,83.8,94,135,0.9071,5.3,0.8915
2026-01-21,23,11:30,545.3,273.9,82.99,93,133,0.9029,5.5,0.8924
2026-01-21,24,12:00,526.1,274.2,80.14,90,129,0.9022,5.6,0.8904
2026-01-21,25,12:30,508.1,273.4,77.18,86,123,0.8755,7.4,0.8974
2026-01-21,26,13:00,495.0,273.9,75.32,84,121,0.8733,7.5,0.8966
2026-01-21,27,13:30,497.8,273.9,75.75,85,122,0.8907,6.4,0.8912
2026-01-21,28,14:00,517.8,274.5,78.98,88,126,0.8793,7.1,0.8975
2026-01-21,29,14:30,551.0,273.4,83.7,93,133,0.8827,6.8,0.9
2026-01-21,30,15:00,592.6,273.7,90.13,101,145,0.9162,4.7,0.8924
2026-01-21,31,15:30,631.2,274.7,96.33,108,155,0.9268,4.0,0.892
2026-01-21,32,16:00,659.5,274.2,100.46,112,160,0.9213,4.3,0.897
2026-01-21,33,16:30,666.0,273.9,101.33,113,162,0.9232,4.2,0.8968
2026-01-21,34,17:00,642.6,274.5,98.0,109,156,0.9119,4.9,0.8991
2026-01-21,35,17:30,593.4,273.6,90.21,101,145,0.9144,4.8,0.8932
2026-01-21,36,18:00,520.5,274.0,79.24,89,128,0.9006,5.7,0.8904
2026-01-21,37,18:30,435.1,274.7,66.4,74,106,0.8457,9.7,0.8973
2026-01-21,38,19:00,346.2,273.9,52.68,59,85,0.8119,12.9,0.8929
2026-01-21,39,19:30,260.9,274.5,39.78,46,66,0.8408,11.1,0.8648
2026-01-21,40,20:00,188.5,273.1,28.6,34,49,0.8353,12.4,0.8413
2026-01-21,41,20:30,128.6,273.9,19.56,24,35,0.8178,15.6,0.8151
2026-01-21,42,21:00,84.4,272.6,12.78,17,25,0.8569,12.6,0.7516
2026-01-21,43,21:30,53.5,275.5,8.18,12,18,0.8794,11.5,0.682
2026-01-21,44,22:00,32.5,275.0,4.96,8,12,0.87,14.7,0.6205
2026-01-21,45,22:30,20.2,272.8,3.07,6,9,0.9127,10.1,0.5114
2026-01-21,46,23:00,12.4,270.9,1.86,4,6,0.8784,18.1,0.4662
2026-01-21,47,23:30,8.1,275.2,1.24,3,5,0.8668,23.6,0.4121
2026-01-22,0,00:00,4.1,268.6,0.62,2,3,0.8687,28.3,0.3085
2026-01-22,1,00:30,3.9,279.7,0.61,2,3,0.8713,28.6,0.3045
2026-01-22,2,01:00,4.0,277.3,0.62,2,3,0.8666,29.6,0.3107
2026-01-22,3,01:30,4.1,271.8,0.61,2,3,0.8702,28.2,0.3064
2026-01-22,4,02:00,4.2,274.1,0.65,2,3,0.8574,31.9,0.3227
2026-01-22,5,02:30,4.3,275.2,0.65,2,3,0.8554,32.5,0.325
2026-01-22,6,03:00,4.1,270.8,0.62,2,3,0.8683,28.6,0.3089
2026-01-22,7,03:30,4.3,270.5,0.64,2,3,0.8584,31.2,0.3216
2026-01-22,8,04:00,4.8,271.3,0.73,2,3,0.8243,41.1,0.3626
2026-01-22,9,04:30,5.9,275.8,0.91,3,5,0.9385,9.4,0.3027
2026-01-22,10,05:00,8.6,275.9,1.32,3,5,0.8424,29.3,0.4415
2026-01-22,11,05:30,14.7,268.9,2.2,4,6,0.8024,33.7,0.5492
2026-01-22,12,06:00,26.1,278.1,4.03,7,10,0.8871,13.1,0.5761
2026-01-22,13,06:30,45.1,273.1,6.84,10,15,0.8422,17.2,0.6845
2026-01-22,14,07:00,78.5,274.6,11.98,16,23,0.8491,13.8,0.7487
2026-01-22,15,07:30,126.1,273.2,19.14,24,35,0.8512,11.9,0.7976
2026-01-22,16,08:00,192.6,273.2,29.23,35,50,0.8544,10.5,0.8351
2026-01-22,17,08:30,271.0,273.9,41.24,47,68,0.8107,13.7,0.8774
2026-01-22,18,09:00,354.0,274.3,53.94,61,88,0.8463,10.0,0.8842
2026-01-22,19,09:30,435.7,274.1,66.36,74,106,0.8476,9.6,0.8968
2026-01-22,20,10:00,499.9,274.3,76.19,85,122,0.8764,7.3,0.8963
2026-01-22,21,10:30,538.4,273.7,81.87,91,130,0.8796,7.0,0.8997
2026-01-22,22,11:00,553.9,273.1,84.03,94,135,0.9011,5.6,0.894
2026-01-22,23,11:30,546.8,273.9,83.22,93,133,0.8967,5.9,0.8949
2026-01-22,24,12:00,527.6,274.2,80.36,90,129,0.896,6.0,0.8929
2026-01-22,25,12:30,509.5,273.4,77.39,86,123,0.8681,7.9,0.8999
2026-01-22,26,13:00,496.3,273.9,75.52,84,121,0.8659,8.0,0.8991
2026-01-22,27,13:30,499.2,273.9,75.96,85,122,0.8841,6.8,0.8936
2026-01-22,28,14:00,519.3,274.5,79.2,88,126,0.872,7.6,0.9
2026-01-22,29,14:30,552.5,273.4,83.93,94,135,0.9037,5.5,0.8929
2026-01-22,30,15:00,594.3,273.7,90.38,101,145,0.9105,5.0,0.8948
2026-01-22,31,15:30,632.9,274.7,96.6,108,155,0.9215,4.3,0.8944
2026-01-22,32,16:00,661.3,274.2,100.74,112,160,0.9155,4.7,0.8994
2026-01-22,33,16:30,667.8,273.9,101.61,113,162,0.9175,4.6,0.8992
2026-01-22,34,17:00,644.3,274.5,98.27,110,158,0.9265,4.0,0.8934
2026-01-22,35,17:30,595.1,273.6,90.46,101,145,0.9086,5.1,0.8956
2026-01-22,36,18:00,522.0,274.0,79.46,89,128,0.8944,6.1,0.8928
2026-01-22,37,18:30,436.3,274.7,66.59,74,106,0.8375,10.3,0.8998
2026-01-22,38,19:00,347.1,273.9,52.83,59,85,0.8034,13.7,0.8954
2026-01-22,39,19:30,261.6,274.5,39.89,46,66,0.8346,11.6,0.8672
2026-01-22,40,20:00,189.0,273.1,28.68,34,49,0.83,12.9,0.8436
2026-01-22,41,20:30,128.9,273.9,19.62,24,35,0.8132,16.1,0.8174
2026-01-22,42,21:00,84.6,272.6,12.81,17,25,0.8539,12.9,0.7537
2026-01-22,43,21:30,53.6,275.5,8.21,12,18,0.8774,11.7,0.6839
2026-01-22,44,22:00,32.6,275.0,4.98,8,12,0.8683,14.9,0.6223
2026-01-22,45,22:30,20.3,272.8,3.08,6,9,0.9118,10.2,0.5128
2026-01-22,46,23:00,12.4,270.9,1.87,4,6,0.8773,18.3,0.4675
2026-01-22,47,23:30,8.1,275.2,1.24,3,5,0.8659,23.8,0.4132
2026-01-23,0,00:00,4.1,268.6,0.61,2,3,0.8733,27.1,0.3026
2026-01-23,1,00:30,3.8,279.7,0.6,2,3,0.8758,27.4,0.2986
2026-01-23,2,01:00,4.0,277.3,0.61,2,3,0.8713,28.4,0.3047
2026-01-23,3,01:30,4.0,271.8,0.6,2,3,0.8748,27.0,0.3004
2026-01-23,4,02:00,4.2,274.1,0.63,2,3,0.8623,30.5,0.3164
2026-01-23,5,02:30,4.2,275.2,0.64,2,3,0.8605,31.1,0.3187
2026-01-23,6,03:00,4.0,270.8,0.61,2,3,0.8729,27.4,0.3029
2026-01-23,7,03:30,4.2,270.5,0.63,2,3,0.8633,29.9,0.3154
2026-01-23,8,04:00,4.7,271.3,0.71,2,3,0.8304,39.3,0.3556
2026-01-23,9,04:30,5.8,275.8,0.89,3,5,0.9415,8.9,0.2968
2026-01-23,10,05:00,8.5,275.9,1.3,3,5,0.8497,27.6,0.4329
2026-01-23,11,05:30,14.4,268.9,2.15,4,6,0.8134,31.2,0.5386
2026-01-23,12,06:00,25.6,278.1,3.95,7,10,0.8965,11.8,0.5649
2026-01-23,13,06:30,44.2,273.1,6.71,10,15,0.8581,15.0,0.6712
2026-01-23,14,07:00,77.0,274.6,11.75,16,23,0.8693,11.5,0.7341
2026-01-23,15,07:30,123.7,273.2,18.77,23,33,0.8067,17.0,0.8161
2026-01-23,16,08:00,188.9,273.2,28.66,34,49,0.8313,12.8,0.843
2026-01-23,17,08:30,265.8,273.9,40.44,46,66,0.8008,14.7,0.8791
2026-01-23,18,09:00,347.1,274.3,52.89,60,86,0.8506,9.7,0.8815
2026-01-23,19,09:30,427.3,274.1,65.08,73,105,0.8612,8.6,0.8915
2026-01-23,20,10:00,490.2,274.3,74.71,84,121,0.893,6.2,0.8894
2026-01-23,21,10:30,528.0,273.7,80.28,90,129,0.8984,5.8,0.892
2026-01-23,22,11:00,543.2,273.1,82.4,92,132,0.8929,6.2,0.8957
2026-01-23,23,11:30,536.2,273.9,81.61,91,130,0.8877,6.5,0.8968
2026-01-23,24,12:00,517.4,274.2,78.8,88,126,0.8852,6.7,0.8955
2026-01-23,25,12:30,499.6,273.4,75.89,85,122,0.8863,6.6,0.8928
2026-01-23,26,13:00,486.7,273.9,74.06,83,119,0.8834,6.9,0.8923
2026-01-23,27,13:30,489.5,273.9,74.48,83,119,0.8688,7.9,0.8974
2026-01-23,28,14:00,509.2,274.5,77.66,87,125,0.8906,6.3,0.8927
2026-01-23,29,14:30,541.8,273.4,82.3,92,132,0.8957,6.0,0.8946
2026-01-23,30,15:00,582.7,273.7,88.63,99,142,0.9063,5.3,0.8952
2026-01-23,31,15:30,620.6,274.7,94.72,106,152,0.9205,4.4,0.8936
2026-01-23,32,16:00,648.5,274.2,98.78,110,158,0.9161,4.6,0.898
2026-01-23,33,16:30,654.9,273.9,99.64,111,159,0.9184,4.5,0.8977
2026-01-23,34,17:00,631.8,274.5,96.37,108,155,0.9262,4.1,0.8923
2026-01-23,35,17:30,583.5,273.6,88.7,99,142,0.9044,5.4,0.896
2026-01-23,36,18:00,511.8,274.0,77.92,87,125,0.8827,6.9,0.8956
2026-01-23,37,18:30,427.9,274.7,65.29,73,105,0.8521,9.2,0.8944
2026-01-23,38,19:00,340.4,273.9,51.8,58,83,0.8073,13.4,0.8931
2026-01-23,39,19:30,256.5,274.5,39.12,45,65,0.8244,12.6,0.8693
2026-01-23,40,20:00,185.4,273.1,28.12,33,48,0.8023,15.8,0.8523
2026-01-23,41,20:30,126.4,273.9,19.24,24,35,0.8441,12.7,0.8015
2026-01-23,42,21:00,83.0,272.6,12.56,17,25,0.8742,10.7,0.7391
2026-01-23,43,21:30,52.6,275.5,8.05,12,18,0.8915,10.1,0.6706
2026-01-23,44,22:00,32.0,275.0,4.88,8,12,0.8801,13.3,0.6102
2026-01-23,45,22:30,19.9,272.8,3.02,6,9,0.9186,9.3,0.5028
2026-01-23,46,23:00,12.2,270.9,1.83,4,6,0.8844,17.0,0.4584
2026-01-23,47,23:30,8.0,275.2,1.22,3,5,0.8721,22.4,0.4052
2026-01-24,0,00:00,3.0,268.6,0.44,2,3,0.9286,13.8,0.2213
2026-01-24,1,00:30,2.8,279.7,0.44,2,3,0.93,14.0,0.2184
2026-01-24,2,01:00,2.9,277.3,0.45,2,3,0.9274,14.5,0.2229
2026-01-24,3,01:30,2.9,271.8,0.44,2,3,0.9294,13.8,0.2198
2026-01-24,4,02:00,3.0,274.1,0.46,2,3,0.9222,15.5,0.2315
2026-01-24,5,02:30,3.0,275.2,0.47,2,3,0.9211,15.8,0.2331
2026-01-24,6,03:00,2.9,270.8,0.44,2,3,0.9283,14.0,0.2216
2026-01-24,7,03:30,3.1,270.5,0.46,2,3,0.9228,15.2,0.2307
2026-01-24,8,04:00,3.5,271.3,0.52,2,3,0.9037,19.7,0.2601
2026-01-24,9,04:30,4.2,275.8,0.65,2,3,0.8549,32.7,0.3256
2026-01-24,10,05:00,6.2,275.9,0.95,3,5,0.9309,10.8,0.3167
2026-01-24,11,05:30,10.5,268.9,1.58,4,6,0.9277,9.6,0.394
2026-01-24,12,06:00,18.7,278.1,2.89,5,8,0.8192,27.8,0.5785
2026-01-24,13,06:30,32.4,273.1,4.91,8,12,0.8769,13.6,0.6137
2026-01-24,14,07:00,56.3,274.6,8.59,12,18,0.8377,16.8,0.716
2026-01-24,15,07:30,90.5,273.2,13.73,18,26,0.8513,13.0,0.7629
2026-01-24,16,08:00,138.2,273.2,20.97,26,38,0.8513,11.7,0.8064
2026-01-24,17,08:30,194.4,273.9,29.58,35,50,0.8321,12.6,0.8452
2026-01-24,18,09:00,253.9,274.3,38.69,45,65,0.849,10.4,0.8598
2026-01-24,19,09:30,312.6,274.1,47.6,54,78,0.8285,11.7,0.8816
2026-01-24,20,10:00,358.6,274.3,54.65,61,88,0.809,13.1,0.8959
2026-01-24,21,10:30,386.2,273.7,58.73,66,95,0.846,9.9,0.8898
2026-01-24,22,11:00,397.4,273.1,60.28,67,96,0.817,12.2,0.8997
2026-01-24,23,11:30,392.2,273.9,59.7,67,96,0.8454,9.9,0.891
2026-01-24,24,12:00,378.5,274.2,57.65,65,93,0.8515,9.5,0.8868
2026-01-24,25,12:30,365.5,273.4,55.52,62,89,0.8146,12.6,0.8954
2026-01-24,26,13:00,356.0,273.9,54.18,61,88,0.8346,10.9,0.8881
2026-01-24,27,13:30,358.1,273.9,54.49,61,88,0.8183,12.3,0.8932
2026-01-24,28,14:00,372.5,274.5,56.81,64,92,0.8458,9.9,0.8877
2026-01-24,29,14:30,396.3,273.4,60.2,67,96,0.8207,11.9,0.8986
2026-01-24,30,15:00,426.3,273.7,64.83,73,105,0.8709,7.9,0.8881
2026-01-24,31,15:30,454.0,274.7,69.29,77,110,0.8455,9.7,0.8999
2026-01-24,32,16:00,474.4,274.2,72.26,81,116,0.8793,7.2,0.8921
2026-01-24,33,16:30,479.1,273.9,72.89,81,116,0.8563,8.8,0.8999
2026-01-24,34,17:00,462.2,274.5,70.49,79,113,0.8739,7.6,0.8923
2026-01-24,35,17:30,426.8,273.6,64.89,73,105,0.8688,8.0,0.8889
2026-01-24,36,18:00,374.4,274.0,57.0,64,92,0.837,10.6,0.8906
2026-01-24,37,18:30,313.0,274.7,47.76,54,78,0.8194,12.5,0.8845
2026-01-24,38,19:00,249.0,273.9,37.89,44,63,0.8409,11.1,0.8612
2026-01-24,39,19:30,187.6,274.5,28.62,34,49,0.8341,12.5,0.8416
2026-01-24,40,20:00,135.6,273.1,20.57,25,36,0.8103,16.2,0.823
2026-01-24,41,20:30,92.5,273.9,14.07,18,26,0.82,16.7,0.7818
2026-01-24,42,21:00,60.7,272.6,9.19,13,19,0.8653,12.7,0.707
2026-01-24,43,21:30,38.5,275.5,5.89,9,13,0.8569,15.9,0.6541
2026-01-24,44,22:00,23.4,275.0,3.57,6,9,0.84,21.6,0.5951
2026-01-24,45,22:30,14.6,272.8,2.21,5,8,0.9308,8.3,0.4414
2026-01-24,46,23:00,8.9,270.9,1.34,3,5,0.8378,29.9,0.4471
2026-01-24,47,23:30,5.8,275.2,0.89,3,5,0.9417,8.9,0.2964
2026-01-25,0,00:00,2.7,268.6,0.4,2,3,0.9417,11.0,0.1984
2026-01-25,1,00:30,2.5,279.7,0.39,2,3,0.9429,11.1,0.1958
2026-01-25,2,01:00,2.6,277.3,0.4,2,3,0.9407,11.5,0.1998
2026-01-25,3,01:30,2.6,271.8,0.39,2,3,0.9424,11.0,0.197
2026-01-25,4,02:00,2.7,274.1,0.41,2,3,0.9365,12.3,0.2075
2026-01-25,5,02:30,2.7,275.2,0.42,2,3,0.9356,12.6,0.209
2026-01-25,6,03:00,2.6,270.8,0.4,2,3,0.9415,11.1,0.1986
2026-01-25,7,03:30,2.8,270.5,0.41,2,3,0.937,12.1,0.2068
2026-01-25,8,04:00,3.1,271.3,0.47,2,3,0.9213,15.6,0.2332
2026-01-25,9,04:30,3.8,275.8,0.58,2,3,0.881,25.7,0.2919
2026-01-25,10,05:00,5.6,275.9,0.85,3,5,0.9478,7.8,0.2838
2026-01-25,11,05:30,9.5,268.9,1.41,3,5,0.8165,35.0,0.4708
2026-01-25,12,06:00,16.8,278.1,2.59,5,8,0.8761,17.0,0.5186
2026-01-25,13,06:30,29.0,273.1,4.4,7,10,0.8355,20.9,0.6287
2026-01-25,14,07:00,50.5,274.6,7.7,11,16,0.8412,16.8,0.7001
2026-01-25,15,07:30,81.1,273.2,12.31,16,23,0.8169,17.8,0.7692
2026-01-25,16,08:00,123.8,273.2,18.79,23,33,0.8047,17.2,0.8171
2026-01-25,17,08:30,174.2,273.9,26.51,32,46,0.8498,11.2,0.8286
2026-01-25,18,09:00,227.6,274.3,34.68,40,58,0.8053,14.8,0.8669
2026-01-25,19,09:30,280.2,274.1,42.67,49,70,0.8384,11.1,0.8708
2026-01-25,20,10:00,321.4,274.3,48.98,55,79,0.8038,13.9,0.8906
2026-01-25,21,10:30,346.2,273.7,52.64,59,85,0.8145,12.7,0.8922
2026-01-25,22,11:00,356.2,273.1,54.03,61,88,0.8422,10.3,0.8857
2026-01-25,23,11:30,351.6,273.9,53.51,60,86,0.8194,12.2,0.8918
2026-01-25,24,12:00,339.2,274.2,51.67,58,83,0.815,12.7,0.8908
2026-01-25,25,12:30,327.6,273.4,49.76,56,80,0.8149,12.8,0.8886
2026-01-25,26,13:00,319.1,273.9,48.56,55,79,0.8286,11.7,0.8829
2026-01-25,27,13:30,321.0,273.9,48.84,55,79,0.8128,13.0,0.8879
2026-01-25,28,14:00,333.9,274.5,50.92,57,82,0.8025,13.9,0.8933
2026-01-25,29,14:30,355.2,273.4,53.96,61,88,0.8452,10.1,0.8846
2026-01-25,30,15:00,382.1,273.7,58.11,65,93,0.8296,11.2,0.894
2026-01-25,31,15:30,406.9,274.7,62.11,70,100,0.8649,8.4,0.8873
2026-01-25,32,16:00,425.2,274.2,64.77,72,103,0.8327,10.8,0.8996
2026-01-25,33,16:30,429.4,273.9,65.33,73,105,0.8508,9.3,0.8949
2026-01-25,34,17:00,414.3,274.5,63.18,71,102,0.8601,8.7,0.8899
2026-01-25,35,17:30,382.6,273.6,58.16,65,93,0.827,11.4,0.8948
2026-01-25,36,18:00,335.6,274.0,51.09,58,83,0.8456,10.1,0.8808
2026-01-25,37,18:30,280.5,274.7,42.81,49,70,0.8303,11.8,0.8737
2026-01-25,38,19:00,223.2,273.9,33.96,40,58,0.8504,10.6,0.8491
2026-01-25,39,19:30,168.2,274.5,25.65,31,45,0.8458,11.7,0.8274
2026-01-25,40,20:00,121.5,273.1,18.44,23,33,0.8351,13.8,0.8018
2026-01-25,41,20:30,82.9,273.9,12.61,17,25,0.8702,11.2,0.7419
2026-01-25,42,21:00,54.4,272.6,8.24,12,18,0.8747,12.0,0.6865
2026-01-25,43,21:30,34.5,275.5,5.28,8,12,0.8269,21.3,0.6595
2026-01-25,44,22:00,21.0,275.0,3.2,6,9,0.8962,12.5,0.5334
2026-01-25,45,22:30,13.1,272.8,1.98,4,6,0.8546,22.7,0.4945
2026-01-25,46,23:00,8.0,270.9,1.2,3,5,0.8758,21.4,0.4008
2026-01-25,47,23:30,5.2,275.2,0.8,3,5,0.9561,6.4,0.2657
2026-01-26,0,00:00,4.6,268.6,0.69,2,3,0.8405,36.0,0.3438
2026-01-26,1,00:30,4.4,279.7,0.68,2,3,0.8436,36.4,0.3393
2026-01-26,2,01:00,4.5,277.3,0.69,2,3,0.8379,37.8,0.3462
2026-01-26,3,01:30,4.5,271.8,0.68,2,3,0.8423,35.9,0.3414
2026-01-26,4,02:00,4.7,274.1,0.72,2,3,0.8268,40.7,0.3596
2026-01-26,5,02:30,4.7,275.2,0.72,2,3,0.8245,41.5,0.3622
2026-01-26,6,03:00,4.6,270.8,0.69,2,3,0.84,36.4,0.3442
2026-01-26,7,03:30,4.8,270.5,0.72,2,3,0.828,39.9,0.3584
2026-01-26,8,04:00,5.4,271.3,0.81,3,5,0.9546,6.6,0.2694
2026-01-26,9,04:30,6.6,275.8,1.01,3,5,0.919,13.0,0.3372
2026-01-26,10,05:00,9.6,275.9,1.48,4,6,0.9409,7.8,0.3689
2026-01-26,11,05:30,16.4,268.9,2.45,5,8,0.8996,12.8,0.4896
2026-01-26,12,06:00,29.1,278.1,4.49,7,10,0.8196,24.0,0.6419
2026-01-26,13,06:30,50.3,273.1,7.63,11,16,0.8501,15.5,0.6934
2026-01-26,14,07:00,87.5,274.6,13.35,17,25,0.8015,19.5,0.7851
2026-01-26,15,07:30,140.5,273.2,21.33,26,38,0.8241,14.5,0.8204
2026-01-26,16,08:00,214.6,273.2,32.57,38,55,0.8208,13.4,0.8571
2026-01-26,17,08:30,302.0,273.9,45.95,52,75,0.8138,13.1,0.8837
2026-01-26,18,09:00,394.4,274.3,60.1,67,96,0.8259,11.4,0.897
2026-01-26,19,09:30,485.5,274.1,73.95,83,119,0.8869,6.6,0.8909
2026-01-26,20,10:00,557.0,274.3,84.89,95,136,0.9034,5.5,0.8936
2026-01-26,21,10:30,599.9,273.7,91.22,102,146,0.9132,4.8,0.8944
2026-01-26,22,11:00,617.3,273.1,93.63,105,150,0.9236,4.2,0.8918
2026-01-26,23,11:30,609.3,273.9,92.73,104,149,0.9222,4.3,0.8917
2026-01-26,24,12:00,587.9,274.2,89.54,100,143,0.9073,5.2,0.8954
2026-01-26,25,12:30,567.7,273.4,86.24,96,138,0.8931,6.1,0.8983
2026-01-26,26,13:00,553.1,273.9,84.15,94,135,0.8975,5.9,0.8953
2026-01-26,27,13:30,556.2,273.9,84.64,95,136,0.91,5.1,0.8909
2026-01-26,28,14:00,578.6,274.5,88.25,99,142,0.9152,4.7,0.8914
2026-01-26,29,14:30,615.6,273.4,93.52,104,149,0.9043,5.4,0.8992
2026-01-26,30,15:00,662.2,273.7,100.71,112,160,0.9162,4.6,0.8992
2026-01-26,31,15:30,705.2,274.7,107.64,120,172,0.931,3.8,0.897
2026-01-26,32,16:00,736.9,274.2,112.25,125,179,0.9346,3.6,0.898
2026-01-26,33,16:30,744.1,273.9,113.22,126,180,0.9345,3.6,0.8986
2026-01-26,34,17:00,718.0,274.5,109.5,122,175,0.9321,3.7,0.8976
2026-01-26,35,17:30,663.1,273.6,100.8,112,160,0.9143,4.7,0.9
2026-01-26,36,18:00,581.6,274.0,88.54,99,142,0.9083,5.2,0.8944
2026-01-26,37,18:30,486.2,274.7,74.19,83,119,0.8786,7.2,0.8939
2026-01-26,38,19:00,386.8,273.9,58.86,66,95,0.8395,10.4,0.8919
2026-01-26,39,19:30,291.5,274.5,44.45,51,73,0.8445,10.5,0.8716
2026-01-26,40,20:00,210.6,273.1,31.96,38,55,0.8581,10.0,0.841
2026-01-26,41,20:30,143.6,273.9,21.86,27,39,0.8528,11.4,0.8096
2026-01-26,42,21:00,94.3,272.6,14.28,19,28,0.8779,10.0,0.7514
2026-01-26,43,21:30,59.7,275.5,9.14,13,19,0.8693,12.4,0.7034
2026-01-26,44,22:00,36.3,275.0,5.55,9,13,0.8948,10.8,0.6163
2026-01-26,45,22:30,22.6,272.8,3.43,6,9,0.8638,17.4,0.5714
2026-01-26,46,23:00,13.8,270.9,2.08,4,6,0.8306,27.6,0.5209
2026-01-26,47,23:30,9.0,275.2,1.38,3,5,0.8256,33.4,0.4604
2026-01-27,0,00:00,4.2,268.6,0.62,2,3,0.8679,28.5,0.3096
2026-01-27,1,00:30,3.9,279.7,0.61,2,3,0.8705,28.8,0.3056
2026-01-27,2,01:00,4.0,277.3,0.62,2,3,0.8658,29.9,0.3118
2026-01-27,3,01:30,4.1,271.8,0.61,2,3,0.8694,28.4,0.3075
2026-01-27,4,02:00,4.3,274.1,0.65,2,3,0.8565,32.1,0.3238
2026-01-27,5,02:30,4.3,275.2,0.65,2,3,0.8545,32.8,0.3262
2026-01-27,6,03:00,4.1,270.8,0.62,2,3,0.8675,28.8,0.31
2026-01-27,7,03:30,4.3,270.5,0.65,2,3,0.8575,31.4,0.3228
2026-01-27,8,04:00,4.8,271.3,0.73,2,3,0.8232,41.4,0.3639
2026-01-27,9,04:30,5.9,275.8,0.91,3,5,0.9379,9.5,0.3037
2026-01-27,10,05:00,8.7,275.9,1.33,3,5,0.841,29.6,0.443
2026-01-27,11,05:30,14.8,268.9,2.2,4,6,0.8004,34.2,0.5511
2026-01-27,12,06:00,26.2,278.1,4.05,7,10,0.8853,13.4,0.5781
2026-01-27,13,06:30,45.3,273.1,6.87,10,15,0.8391,17.6,0.6869
2026-01-27,14,07:00,78.8,274.6,12.02,16,23,0.8452,14.3,0.7513
2026-01-27,15,07:30,126.6,273.2,19.21,24,35,0.8462,12.5,0.8004
2026-01-27,16,08:00,193.3,273.2,29.33,35,50,0.8482,11.1,0.8381
2026-01-27,17,08:30,272.0,273.9,41.39,47,68,0.8012,14.6,0.8805
2026-01-27,18,09:00,355.2,274.3,54.13,61,88,0.837,10.7,0.8873
2026-01-27,19,09:30,437.3,274.1,66.6,74,106,0.8371,10.4,0.9
2026-01-27,20,10:00,501.6,274.3,76.46,85,122,0.8669,8.0,0.8995
2026-01-27,21,10:30,540.3,273.7,82.16,92,132,0.8996,5.7,0.893
2026-01-27,22,11:00,555.9,273.1,84.33,94,135,0.8928,6.1,0.8971
2026-01-27,23,11:30,548.7,273.9,83.52,93,133,0.8881,6.5,0.898
2026-01-27,24,12:00,529.5,274.2,80.65,90,129,0.8876,6.5,0.8961
2026-01-27,25,12:30,511.3,273.4,77.67,87,125,0.8908,6.3,0.8927
2026-01-27,26,13:00,498.1,273.9,75.79,85,122,0.8893,6.4,0.8917
2026-01-27,27,13:30,501.0,273.9,76.23,85,122,0.8752,7.4,0.8968
2026-01-27,28,14:00,521.1,274.5,79.48,89,128,0.8937,6.1,0.893
2026-01-27,29,14:30,554.5,273.4,84.23,94,135,0.8956,6.0,0.896
2026-01-27,30,15:00,596.4,273.7,90.7,101,145,0.9025,5.5,0.898
2026-01-27,31,15:30,635.1,274.7,96.94,108,155,0.9142,4.8,0.8976
2026-01-27,32,16:00,663.6,274.2,101.09,113,162,0.9277,4.0,0.8946
2026-01-27,33,16:30,670.2,273.9,101.97,114,163,0.9294,3.9,0.8945
2026-01-27,34,17:00,646.6,274.5,98.62,110,158,0.9195,4.5,0.8966
2026-01-27,35,17:30,597.2,273.6,90.78,101,145,0.9005,5.6,0.8988
2026-01-27,36,18:00,523.8,274.0,79.74,89,128,0.8859,6.6,0.896
2026-01-27,37,18:30,437.9,274.7,66.82,75,108,0.8678,8.1,0.8909
2026-01-27,38,19:00,348.3,273.9,53.01,60,86,0.8448,10.1,0.8836
2026-01-27,39,19:30,262.5,274.5,40.03,46,66,0.8264,12.3,0.8703
2026-01-27,40,20:00,189.7,273.1,28.78,34,49,0.823,13.6,0.8466
2026-01-27,41,20:30,129.4,273.9,19.69,24,35,0.8071,16.8,0.8203
2026-01-27,42,21:00,84.9,272.6,12.86,17,25,0.85,13.4,0.7564
2026-01-27,43,21:30,53.8,275.5,8.24,12,18,0.8746,12.1,0.6863
2026-01-27,44,22:00,32.7,275.0,5.0,8,12,0.8661,15.3,0.6244
2026-01-27,45,22:30,20.4,272.8,3.09,6,9,0.9105,10.4,0.5146
2026-01-27,46,23:00,12.5,270.9,1.88,4,6,0.876,18.5,0.4691
2026-01-27,47,23:30,8.1,275.2,1.24,3,5,0.8647,24.1,0.4147
2026-01-28,0,00:00,4.1,268.6,0.61,2,3,0.8717,27.5,0.3046
2026-01-28,1,00:30,3.9,279.7,0.6,2,3,0.8742,27.8,0.3006
2026-01-28,2,01:00,4.0,277.3,0.61,2,3,0.8697,28.8,0.3068
2026-01-28,3,01:30,4.0,271.8,0.61,2,3,0.8732,27.4,0.3025
2026-01-28,4,02:00,4.2,274.1,0.64,2,3,0.8606,31.0,0.3186
2026-01-28,5,02:30,4.2,275.2,0.64,2,3,0.8587,31.6,0.3209
2026-01-28,6,03:00,4.1,270.8,0.61,2,3,0.8713,27.8,0.305
2026-01-28,7,03:30,4.2,270.5,0.64,2,3,0.8616,30.3,0.3175
2026-01-28,8,04:00,4.8,271.3,0.72,2,3,0.8283,39.9,0.358
2026-01-28,9,04:30,5.8,275.8,0.9,3,5,0.9405,9.1,0.2988
2026-01-28,10,05:00,8.5,275.9,1.31,3,5,0.8472,28.2,0.4359
2026-01-28,11,05:30,14.5,268.9,2.17,4,6,0.8096,32.0,0.5423
2026-01-28,12,06:00,25.8,278.1,3.98,7,10,0.8933,12.2,0.5688
2026-01-28,13,06:30,44.5,273.1,6.76,10,15,0.8527,15.7,0.6758
2026-01-28,14,07:00,77.5,274.6,11.83,16,23,0.8625,12.3,0.7392
2026-01-28,15,07:30,124.5,273.2,18.9,24,35,0.868,10.3,0.7875
2026-01-28,16,08:00,190.2,273.2,28.86,34,49,0.8176,14.1,0.8488
2026-01-28,17,08:30,267.6,273.9,40.72,47,68,0.8415,10.9,0.8663
2026-01-28,18,09:00,349.5,274.3,53.25,60,86,0.8327,11.1,0.8876
2026-01-28,19,09:30,430.2,274.1,65.53,73,105,0.8422,10.0,0.8976
2026-01-28,20,10:00,493.5,274.3,75.22,84,121,0.8765,7.3,0.8955
2026-01-28,21,10:30,531.6,273.7,80.83,90,129,0.8819,6.9,0.8981
2026-01-28,22,11:00,546.9,273.1,82.97,93,133,0.9038,5.5,0.8921
2026-01-28,23,11:30,539.9,273.9,82.17,92,132,0.8992,5.8,0.8931
2026-01-28,24,12:00,520.9,274.2,79.34,89,128,0.8976,5.9,0.8915
2026-01-28,25,12:30,503.1,273.4,76.41,85,122,0.8687,7.8,0.899
2026-01-28,26,13:00,490.1,273.9,74.57,83,119,0.8656,8.1,0.8984
2026-01-28,27,13:30,492.9,273.9,75.0,84,121,0.8841,6.8,0.8928
2026-01-28,28,14:00,512.7,274.5,78.2,87,125,0.8733,7.5,0.8988
2026-01-28,29,14:30,545.5,273.4,82.87,93,133,0.9063,5.3,0.8911
2026-01-28,30,15:00,586.8,273.7,89.24,100,143,0.9147,4.8,0.8924
2026-01-28,31,15:30,624.9,274.7,95.38,106,152,0.9057,5.3,0.8998
2026-01-28,32,16:00,652.9,274.2,99.46,111,159,0.922,4.3,0.8961
2026-01-28,33,16:30,659.4,273.9,100.33,112,160,0.924,4.2,0.8958
2026-01-28,34,17:00,636.2,274.5,97.03,108,155,0.9122,4.9,0.8984
2026-01-28,35,17:30,587.5,273.6,89.31,100,143,0.9129,4.9,0.8931
2026-01-28,36,18:00,515.4,274.0,78.46,88,126,0.8957,6.0,0.8915
2026-01-28,37,18:30,430.8,274.7,65.74,74,106,0.8723,7.7,0.8884
2026-01-28,38,19:00,342.7,273.9,52.16,59,85,0.8399,10.6,0.884
2026-01-28,39,19:30,258.3,274.5,39.39,45,65,0.8073,14.2,0.8753
2026-01-28,40,20:00,186.6,273.1,28.32,34,49,0.8532,10.7,0.8329
2026-01-28,41,20:30,127.3,273.9,19.37,24,35,0.8338,13.8,0.807
2026-01-28,42,21:00,83.5,272.6,12.65,17,25,0.8674,11.4,0.7442
2026-01-28,43,21:30,52.9,275.5,8.1,12,18,0.8867,10.6,0.6752
2026-01-28,44,22:00,32.2,275.0,4.92,8,12,0.8761,13.8,0.6144
2026-01-28,45,22:30,20.0,272.8,3.04,6,9,0.9162,9.6,0.5063
2026-01-28,46,23:00,12.3,270.9,1.85,4,6,0.882,17.4,0.4616
2026-01-28,47,23:30,8.0,275.2,1.22,3,5,0.87,22.9,0.408
2026-01-29,0,00:00,4.1,268.6,0.61,2,3,0.8711,27.6,0.3055
2026-01-29,1,00:30,3.9,279.7,0.6,2,3,0.8736,28.0,0.3015
2026-01-29,2,01:00,4.0,277.3,0.62,2,3,0.869,29.0,0.3076
2026-01-29,3,01:30,4.0,271.8,0.61,2,3,0.8726,27.5,0.3033
2026-01-29,4,02:00,4.2,274.1,0.64,2,3,0.8599,31.2,0.3195
2026-01-29,5,02:30,4.2,275.2,0.64,2,3,0.858,31.8,0.3218
2026-01-29,6,03:00,4.1,270.8,0.61,2,3,0.8707,28.0,0.3059
2026-01-29,7,03:30,4.2,270.5,0.64,2,3,0.8609,30.5,0.3184
2026-01-29,8,04:00,4.8,271.3,0.72,2,3,0.8274,40.1,0.359
2026-01-29,9,04:30,5.9,275.8,0.9,3,5,0.94,9.2,0.2997
2026-01-29,10,05:00,8.6,275.9,1.31,3,5,0.8461,28.4,0.4371
2026-01-29,11,05:30,14.6,268.9,2.18,4,6,0.8081,32.4,0.5438
2026-01-29,12,06:00,25.8,278.1,3.99,7,10,0.892,12.4,0.5704
2026-01-29,13,06:30,44.7,273.1,6.78,10,15,0.8504,16.0,0.6777
2026-01-29,14,07:00,77.7,274.6,11.86,16,23,0.8597,12.6,0.7412
2026-01-29,15,07:30,124.9,273.2,18.95,24,35,0.8645,10.6,0.7897
2026-01-29,16,08:00,190.7,273.2,28.94,34,49,0.8117,14.7,0.8512
2026-01-29,17,08:30,268.3,273.9,40.83,47,68,0.8352,11.5,0.8688
2026-01-29,18,09:00,350.5,274.3,53.4,60,86,0.825,11.8,0.89
2026-01-29,19,09:30,431.4,274.1,65.71,74,106,0.8738,7.6,0.8879
2026-01-29,20,10:00,494.9,274.3,75.43,84,121,0.8691,7.8,0.898
2026-01-29,21,10:30,533.1,273.7,81.06,91,130,0.9034,5.5,0.8907
2026-01-29,22,11:00,548.5,273.1,83.2,93,133,0.8975,5.9,0.8946
2026-01-29,23,11:30,541.4,273.9,82.4,92,132,0.8928,6.2,0.8956
2026-01-29,24,12:00,522.4,274.2,79.57,89,128,0.8912,6.3,0.894
2026-01-29,25,12:30,504.5,273.4,76.63,86,123,0.8932,6.2,0.891
2026-01-29,26,13:00,491.4,273.9,74.78,84,121,0.891,6.3,0.8902
2026-01-29,27,13:30,494.3,273.9,75.21,84,121,0.8772,7.3,0.8953
2026-01-29,28,14:00,514.1,274.5,78.41,88,126,0.8967,5.9,0.8911
2026-01-29,29,14:30,547.0,273.4,83.1,93,133,0.9002,5.7,0.8935
2026-01-29,30,15:00,588.4,273.7,89.48,100,143,0.9088,5.1,0.8948
2026-01-29,31,15:30,626.6,274.7,95.64,107,153,0.9214,4.3,0.8939
2026-01-29,32,16:00,654.7,274.2,99.74,111,159,0.9162,4.6,0.8986
2026-01-29,33,16:30,661.2,273.9,100.61,112,160,0.9184,4.5,0.8983
2026-01-29,34,17:00,637.9,274.5,97.3,109,156,0.9267,4.0,0.8927
2026-01-29,35,17:30,589.2,273.6,89.56,100,143,0.9069,5.2,0.8956
2026-01-29,36,18:00,516.8,274.0,78.67,88,126,0.8892,6.4,0.894
2026-01-29,37,18:30,432.0,274.7,65.93,74,106,0.8654,8.2,0.8909
2026-01-29,38,19:00,343.7,273.9,52.3,59,85,0.8325,11.2,0.8865
2026-01-29,39,19:30,259.0,274.5,39.5,46,66,0.8561,9.8,0.8586
2026-01-29,40,20:00,187.2,273.1,28.4,34,49,0.8484,11.1,0.8352
2026-01-29,41,20:30,127.6,273.9,19.42,24,35,0.8295,14.3,0.8093
2026-01-29,42,21:00,83.8,272.6,12.69,17,25,0.8646,11.7,0.7462
2026-01-29,43,21:30,53.1,275.5,8.13,12,18,0.8847,10.9,0.6771
2026-01-29,44,22:00,32.3,275.0,4.93,8,12,0.8744,14.1,0.6161
2026-01-29,45,22:30,20.1,272.8,3.05,6,9,0.9153,9.7,0.5077
2026-01-29,46,23:00,12.3,270.9,1.85,4,6,0.881,17.6,0.4629
2026-01-29,47,23:30,8.0,275.2,1.23,3,5,0.8691,23.1,0.4091
2026-01-30,0,00:00,4.0,268.6,0.6,2,3,0.8756,26.5,0.2995
2026-01-30,1,00:30,3.8,279.7,0.59,2,3,0.8781,26.8,0.2956
2026-01-30,2,01:00,3.9,277.3,0.6,2,3,0.8736,27.7,0.3016
2026-01-30,3,01:30,3.9,271.8,0.59,2,3,0.877,26.4,0.2974
2026-01-30,4,02:00,4.1,274.1,0.63,2,3,0.8648,29.8,0.3132
2026-01-30,5,02:30,4.1,275.2,0.63,2,3,0.863,30.4,0.3155
2026-01-30,6,03:00,4.0,270.8,0.6,2,3,0.8752,26.8,0.2999
2026-01-30,7,03:30,4.2,270.5,0.62,2,3,0.8658,29.2,0.3122
2026-01-30,8,04:00,4.7,271.3,0.7,2,3,0.8334,38.4,0.352
2026-01-30,9,04:30,5.8,275.8,0.88,3,5,0.943,8.7,0.2938
2026-01-30,10,05:00,8.4,275.9,1.29,3,5,0.8533,26.7,0.4285
2026-01-30,11,05:30,14.3,268.9,2.13,4,6,0.8189,30.0,0.5331
2026-01-30,12,06:00,25.3,278.1,3.91,7,10,0.9011,11.1,0.5592
2026-01-30,13,06:30,43.8,273.1,6.64,10,15,0.8657,14.0,0.6644
2026-01-30,14,07:00,76.2,274.6,11.63,16,23,0.8787,10.5,0.7267
2026-01-30,15,07:30,122.4,273.2,18.58,23,33,0.8234,15.1,0.8079
2026-01-30,16,08:00,187.0,273.2,28.37,34,49,0.8499,11.0,0.8345
2026-01-30,17,08:30,263.1,273.9,40.03,46,66,0.8266,12.3,0.8702
2026-01-30,18,09:00,343.6,274.3,52.36,59,85,0.8297,11.4,0.8874
2026-01-30,19,09:30,423.0,274.1,64.42,72,103,0.8486,9.5,0.8947
2026-01-30,20,10:00,485.2,274.3,73.95,83,119,0.8867,6.6,0.891
2026-01-30,21,10:30,522.6,273.7,79.47,89,128,0.8942,6.1,0.8929
2026-01-30,22,11:00,537.7,273.1,81.57,91,130,0.8891,6.4,0.8964
2026-01-30,23,11:30,530.8,273.9,80.78,90,129,0.8834,6.8,0.8976
2026-01-30,24,12:00,512.1,274.2,78.01,87,125,0.8798,7.1,0.8966
2026-01-30,25,12:30,494.6,273.4,75.13,84,121,0.88,7.1,0.8943
2026-01-30,26,13:00,481.8,273.9,73.31,82,118,0.8762,7.4,0.894
2026-01-30,27,13:30,484.6,273.9,73.73,82,118,0.8609,8.4,0.8992
2026-01-30,28,14:00,504.0,274.5,76.88,86,123,0.8852,6.7,0.8939
2026-01-30,29,14:30,536.3,273.4,81.47,91,130,0.8919,6.2,0.8953
2026-01-30,30,15:00,576.9,273.7,87.73,98,140,0.9046,5.4,0.8952
2026-01-30,31,15:30,614.4,274.7,93.77,105,150,0.9204,4.4,0.893
2026-01-30,32,16:00,641.9,274.2,97.79,109,156,0.9168,4.6,0.8971
2026-01-30,33,16:30,648.3,273.9,98.64,110,158,0.9193,4.5,0.8967
2026-01-30,34,17:00,625.4,274.5,95.39,106,152,0.9053,5.3,0.8999
2026-01-30,35,17:30,577.6,273.6,87.81,98,140,0.9027,5.5,0.896
2026-01-30,36,18:00,506.7,274.0,77.13,86,123,0.877,7.3,0.8969
2026-01-30,37,18:30,423.5,274.7,64.63,72,103,0.8388,10.3,0.8977
2026-01-30,38,19:00,337.0,273.9,51.28,58,83,0.8361,10.9,0.8841
2026-01-30,39,19:30,253.9,274.5,38.72,45,65,0.8472,10.6,0.8605
2026-01-30,40,20:00,183.5,273.1,27.84,33,48,0.8234,13.6,0.8437
2026-01-30,41,20:30,125.1,273.9,19.04,24,35,0.8582,11.3,0.7934
2026-01-30,42,21:00,82.1,272.6,12.44,16,23,0.8028,19.6,0.7774
2026-01-30,43,21:30,52.0,275.5,7.97,11,16,0.8076,21.8,0.7242
2026-01-30,44,22:00,31.6,275.0,4.83,8,12,0.8858,12.5,0.604
2026-01-30,45,22:30,19.7,272.8,2.99,6,9,0.9219,8.8,0.4977
2026-01-30,46,23:00,12.1,270.9,1.82,4,6,0.8879,16.3,0.4538
2026-01-30,47,23:30,7.9,275.2,1.2,3,5,0.8753,21.8,0.4011
