interval,volume,required,scheduled,SL,occupancy
00:00,3.8,2.0,3.0,0.8831,0.2856
00:30,3.6,2.0,3.0,0.8854,0.2818
01:00,3.7,2.0,3.0,0.8812,0.2876
01:30,3.8,2.0,3.0,0.8845,0.2836
02:00,3.9,2.0,3.0,0.873,0.2987
02:30,3.9,2.1,3.1,0.8819,0.2922
03:00,3.8,2.0,3.0,0.8828,0.2859
03:30,4.0,2.0,3.0,0.8739,0.2977
04:00,4.5,2.1,3.3,0.8681,0.3165
04:30,5.5,2.7,4.5,0.918,0.307
05:00,8.0,3.1,5.1,0.8841,0.3911
05:30,13.6,4.2,6.5,0.8642,0.4843
06:00,24.2,6.4,9.6,0.8666,0.5774
06:30,41.8,9.4,14.0,0.8446,0.6678
07:00,72.7,15.0,21.9,0.8529,0.7339
07:30,116.7,22.3,32.4,0.8445,0.7903
08:00,178.3,32.4,46.7,0.8405,0.8316
08:30,250.8,44.1,63.4,0.8311,0.8631
09:00,327.6,56.5,81.1,0.833,0.8813
09:30,403.3,68.9,99.0,0.8495,0.8898
10:00,462.7,78.9,113.1,0.8658,0.8932
10:30,498.4,84.7,121.4,0.8746,0.8947
11:00,512.7,86.9,124.6,0.8803,0.8944
11:30,506.1,86.1,123.5,0.8786,0.8944
12:00,488.3,83.2,119.4,0.8745,0.8936
12:30,471.6,80.2,115.1,0.8712,0.8926
13:00,459.4,78.3,112.2,0.867,0.8924
13:30,462.0,78.7,112.9,0.8684,0.8923
14:00,480.6,82.1,117.7,0.8741,0.8928
14:30,511.4,86.9,124.5,0.8816,0.8939
15:00,550.1,93.5,133.9,0.8918,0.8948
15:30,585.8,99.8,143.0,0.9012,0.8954
16:00,612.1,104.1,149.1,0.907,0.8958
16:30,618.1,105.0,150.4,0.9091,0.8955
17:00,596.4,101.6,145.6,0.9048,0.8951
17:30,550.8,93.5,134.0,0.891,0.8951
18:00,483.1,82.3,118.0,0.8727,0.8936
18:30,403.9,69.2,99.3,0.8505,0.8897
19:00,321.3,55.4,79.9,0.8334,0.8798
19:30,242.1,42.6,61.5,0.8225,0.8635
20:00,175.0,31.7,45.7,0.8275,0.8358
20:30,119.3,22.7,33.0,0.8358,0.7966
21:00,78.3,15.9,23.3,0.8496,0.744
21:30,49.6,11.1,16.4,0.8645,0.6791
22:00,30.2,7.4,11.0,0.8571,0.6154
22:30,18.8,5.3,8.0,0.8665,0.5358
23:00,11.5,3.8,5.9,0.8801,0.4492
23:30,7.5,3.1,5.1,0.8974,0.3701
